시군구,번지,본번,부번,단지명,전용면적(㎡),계약년월,계약일,거래금액(만원),층,건축년도,도로명,해제사유발생일
세종특별자치시 금남면 용포리,320,320,0,두진리버빌,43.008,201301,3,9500,13,2000,용포2길 70,
세종특별자치시 금남면 용포리,320,320,0,두진리버빌,43.008,201301,10,8500,1,2000,용포2길 70,
세종특별자치시 금남면 용포리,320,320,0,두진리버빌,59.8676,201301,12,14000,6,2000,용포2길 70,
세종특별자치시 금남면 용포리,320,320,0,두진리버빌,43.008,201301,12,9300,4,2000,용포2길 70,
세종특별자치시 금남면 용포리,320,320,0,두진리버빌,43.008,201301,16,9300,12,2000,용포2길 70,
세종특별자치시 금남면 용포리,320,320,0,두진리버빌,43.008,201301,18,9300,11,2000,용포2길 70,
세종특별자치시 금남면 용포리,320,320,0,두진리버빌,43.008,201301,19,9500,9,2000,용포2길 70,
세종특별자치시 금남면 용포리,320,320,0,두진리버빌,43.008,201301,20,9300,13,2000,용포2길 70,
세종특별자치시 금남면 용포리,320,320,0,두진리버빌,59.8676,201301,21,13500,15,2000,용포2길 70,
세종특별자치시 금남면 용포리,320,320,0,두진리버빌,59.8676,201301,21,14300,12,2000,용포2길 70,
세종특별자치시 금남면 용포리,320,320,0,두진리버빌,43.008,201301,22,9000,2,2000,용포2길 70,
세종특별자치시 금남면 용포리,320,320,0,두진리버빌,43.008,201301,25,9500,4,2000,용포2길 70,
세종특별자치시 금남면 용포리,320,320,0,두진리버빌,43.008,201301,30,9000,6,2000,용포2길 70,
세종특별자치시 금남면 용포리,320,320,0,두진리버빌,43.008,201301,30,9300,7,2000,용포2길 70,
세종특별자치시 금남면 용포리,320,320,0,두진리버빌,59.8676,201302,8,13900,8,2000,용포2길 70,
세종특별자치시 금남면 용포리,320,320,0,두진리버빌,43.008,201302,16,9200,9,2000,용포2길 70,
세종특별자치시 금남면 용포리,320,320,0,두진리버빌,43.008,201302,19,9000,9,2000,용포2길 70,
세종특별자치시 금남면 용포리,320,320,0,두진리버빌,43.008,201302,20,9300,5,2000,용포2길 70,
세종특별자치시 금남면 용포리,320,320,0,두진리버빌,43.008,201302,25,9200,12,2000,용포2길 70,
세종특별자치시 금남면 용포리,320,320,0,두진리버빌,59.8676,201303,2,14000,14,2000,용포2길 70,
세종특별자치시 금남면 용포리,320,320,0,두진리버빌,43.008,201303,4,9300,10,2000,용포2길 70,
세종특별자치시 금남면 용포리,320,320,0,두진리버빌,43.008,201303,9,9000,13,2000,용포2길 70,
세종특별자치시 금남면 용포리,320,320,0,두진리버빌,43.008,201303,12,9500,3,2000,용포2길 70,
세종특별자치시 금남면 용포리,320,320,0,두진리버빌,43.008,201303,13,9500,3,2000,용포2길 70,
세종특별자치시 금남면 용포리,320,320,0,두진리버빌,59.8676,201303,20,13700,5,2000,용포2길 70,
세종특별자치시 금남면 용포리,320,320,0,두진리버빌,43.008,201303,26,9000,3,2000,용포2길 70,
세종특별자치시 금남면 용포리,320,320,0,두진리버빌,43.008,201303,26,9450,8,2000,용포2길 70,
세종특별자치시 금남면 용포리,320,320,0,두진리버빌,43.008,201303,29,9400,10,2000,용포2길 70,
세종특별자치시 금남면 용포리,320,320,0,두진리버빌,43.008,201304,11,9200,9,2000,용포2길 70,
세종특별자치시 금남면 용포리,320,320,0,두진리버빌,59.8676,201304,20,14800,12,2000,용포2길 70,
세종특별자치시 금남면 용포리,320,320,0,두진리버빌,59.8676,201304,22,13700,15,2000,용포2길 70,
세종특별자치시 금남면 용포리,320,320,0,두진리버빌,43.008,201304,26,9000,4,2000,용포2길 70,
세종특별자치시 금남면 용포리,320,320,0,두진리버빌,43.008,201304,27,9300,3,2000,용포2길 70,
세종특별자치시 금남면 용포리,320,320,0,두진리버빌,43.008,201304,29,9000,3,2000,용포2길 70,
세종특별자치시 금남면 용포리,320,320,0,두진리버빌,43.008,201305,14,9400,11,2000,용포2길 70,
세종특별자치시 금남면 용포리,320,320,0,두진리버빌,43.008,201305,15,7000,11,2000,용포2길 70,
세종특별자치시 금남면 용포리,320,320,0,두진리버빌,43.008,201305,21,8850,15,2000,용포2길 70,
세종특별자치시 금남면 용포리,320,320,0,두진리버빌,43.008,201305,21,9500,13,2000,용포2길 70,
세종특별자치시 금남면 용포리,320,320,0,두진리버빌,43.008,201305,21,8400,1,2000,용포2길 70,
세종특별자치시 금남면 용포리,320,320,0,두진리버빌,59.8676,201305,21,14500,7,2000,용포2길 70,
세종특별자치시 금남면 용포리,320,320,0,두진리버빌,59.8676,201305,23,12900,1,2000,용포2길 70,
세종특별자치시 금남면 용포리,320,320,0,두진리버빌,43.008,201306,1,9300,6,2000,용포2길 70,
세종특별자치시 금남면 용포리,320,320,0,두진리버빌,43.008,201306,3,8950,4,2000,용포2길 70,
세종특별자치시 금남면 용포리,320,320,0,두진리버빌,43.008,201306,3,9200,3,2000,용포2길 70,
세종특별자치시 금남면 용포리,320,320,0,두진리버빌,43.008,201306,6,8000,1,2000,용포2길 70,
세종특별자치시 금남면 용포리,320,320,0,두진리버빌,43.008,201306,8,9500,10,2000,용포2길 70,
세종특별자치시 금남면 용포리,320,320,0,두진리버빌,59.8676,201306,10,12000,8,2000,용포2길 70,
세종특별자치시 금남면 용포리,320,320,0,두진리버빌,43.008,201306,17,9450,14,2000,용포2길 70,
세종특별자치시 금남면 용포리,320,320,0,두진리버빌,43.008,201306,18,9150,2,2000,용포2길 70,
세종특별자치시 금남면 용포리,320,320,0,두진리버빌,43.008,201306,26,4888,13,2000,용포2길 70,
세종특별자치시 금남면 용포리,320,320,0,두진리버빌,43.008,201306,26,4689,1,2000,용포2길 70,
세종특별자치시 금남면 용포리,320,320,0,두진리버빌,43.008,201306,27,9200,10,2000,용포2길 70,
세종특별자치시 금남면 용포리,320,320,0,두진리버빌,43.008,201307,8,9450,13,2000,용포2길 70,
세종특별자치시 금남면 용포리,320,320,0,두진리버빌,43.008,201307,18,9200,14,2000,용포2길 70,
세종특별자치시 금남면 용포리,320,320,0,두진리버빌,43.008,201307,19,8900,5,2000,용포2길 70,
세종특별자치시 금남면 용포리,320,320,0,두진리버빌,43.008,201307,23,9500,9,2000,용포2길 70,
세종특별자치시 금남면 용포리,320,320,0,두진리버빌,43.008,201308,9,9500,6,2000,용포2길 70,
세종특별자치시 금남면 용포리,320,320,0,두진리버빌,43.008,201308,16,9200,14,2000,용포2길 70,
세종특별자치시 금남면 용포리,320,320,0,두진리버빌,43.008,201308,23,9300,11,2000,용포2길 70,
세종특별자치시 금남면 용포리,320,320,0,두진리버빌,43.008,201309,3,9000,10,2000,용포2길 70,
세종특별자치시 금남면 용포리,320,320,0,두진리버빌,43.008,201309,4,9200,5,2000,용포2길 70,
세종특별자치시 금남면 용포리,320,320,0,두진리버빌,43.008,201309,4,9300,10,2000,용포2길 70,
세종특별자치시 금남면 용포리,320,320,0,두진리버빌,43.008,201309,4,9450,6,2000,용포2길 70,
세종특별자치시 금남면 용포리,320,320,0,두진리버빌,43.008,201309,10,9500,15,2000,용포2길 70,
세종특별자치시 금남면 용포리,320,320,0,두진리버빌,43.008,201309,11,9200,3,2000,용포2길 70,
세종특별자치시 금남면 용포리,320,320,0,두진리버빌,43.008,201309,22,9400,11,2000,용포2길 70,
세종특별자치시 금남면 용포리,320,320,0,두진리버빌,59.8676,201309,23,14100,3,2000,용포2길 70,
세종특별자치시 금남면 용포리,320,320,0,두진리버빌,43.008,201309,25,10000,7,2000,용포2길 70,
세종특별자치시 금남면 용포리,320,320,0,두진리버빌,43.008,201310,1,8800,13,2000,용포2길 70,
세종특별자치시 금남면 용포리,320,320,0,두진리버빌,43.008,201310,5,9000,11,2000,용포2길 70,
세종특별자치시 금남면 용포리,320,320,0,두진리버빌,43.008,201310,8,8800,1,2000,용포2길 70,
세종특별자치시 금남면 용포리,320,320,0,두진리버빌,43.008,201310,10,9500,6,2000,용포2길 70,
세종특별자치시 금남면 용포리,320,320,0,두진리버빌,43.008,201310,15,8800,2,2000,용포2길 70,
세종특별자치시 금남면 용포리,320,320,0,두진리버빌,43.008,201310,15,9450,12,2000,용포2길 70,
세종특별자치시 금남면 용포리,320,320,0,두진리버빌,59.8676,201310,17,14400,6,2000,용포2길 70,
세종특별자치시 금남면 용포리,320,320,0,두진리버빌,59.8676,201310,21,15000,13,2000,용포2길 70,
세종특별자치시 금남면 용포리,320,320,0,두진리버빌,59.8676,201310,30,15800,9,2000,용포2길 70,
세종특별자치시 금남면 용포리,320,320,0,두진리버빌,59.8676,201311,6,14000,11,2000,용포2길 70,
세종특별자치시 금남면 용포리,320,320,0,두진리버빌,43.008,201311,7,9300,15,2000,용포2길 70,
세종특별자치시 금남면 용포리,320,320,0,두진리버빌,43.008,201311,12,8500,4,2000,용포2길 70,
세종특별자치시 금남면 용포리,320,320,0,두진리버빌,43.008,201311,19,9450,11,2000,용포2길 70,
세종특별자치시 금남면 용포리,320,320,0,두진리버빌,43.008,201311,24,9100,10,2000,용포2길 70,
세종특별자치시 금남면 용포리,320,320,0,두진리버빌,43.008,201312,7,9100,2,2000,용포2길 70,
세종특별자치시 금남면 용포리,320,320,0,두진리버빌,43.008,201312,14,8500,1,2000,용포2길 70,
세종특별자치시 금남면 용포리,320,320,0,두진리버빌,43.008,201312,15,8000,2,2000,용포2길 70,
세종특별자치시 금남면 용포리,320,320,0,두진리버빌,43.008,201312,16,9300,9,2000,용포2길 70,
세종특별자치시 금남면 용포리,320,320,0,두진리버빌,59.8676,201312,20,15600,4,2000,용포2길 70,
세종특별자치시 금남면 용포리,320,320,0,두진리버빌,43.008,201312,20,9200,7,2000,용포2길 70,
세종특별자치시 금남면 용포리,320,320,0,두진리버빌,43.008,201312,20,9300,5,2000,용포2길 70,
세종특별자치시 금남면 용포리,320,320,0,두진리버빌,43.008,201312,20,9300,4,2000,용포2길 70,
세종특별자치시 금남면 용포리,320,320,0,두진리버빌,43.008,201312,23,9400,5,2000,용포2길 70,
세종특별자치시 금남면 용포리,320,320,0,두진리버빌,43.008,201312,26,9700,13,2000,용포2길 70,
세종특별자치시 금남면 용포리,320,320,0,두진리버빌,59.8676,201312,27,14000,1,2000,용포2길 70,
세종특별자치시 금남면 용포리,320,320,0,두진리버빌,43.008,201312,30,9600,9,2000,용포2길 70,
세종특별자치시 금남면 용포리,263,263,0,신성연기미소지움,84.8768,201301,15,18200,2,2007,용포2길 57-15,
세종특별자치시 금남면 용포리,263,263,0,신성연기미소지움,84.8809,201301,19,17500,11,2007,용포2길 57-15,
세종특별자치시 금남면 용포리,263,263,0,신성연기미소지움,84.8768,201301,25,16000,1,2007,용포2길 57-15,
세종특별자치시 금남면 용포리,263,263,0,신성연기미소지움,84.8768,201301,29,20000,12,2007,용포2길 57-15,
세종특별자치시 금남면 용포리,263,263,0,신성연기미소지움,84.8768,201301,30,20000,5,2007,용포2길 57-15,
세종특별자치시 금남면 용포리,263,263,0,신성연기미소지움,84.8768,201302,25,19700,6,2007,용포2길 57-15,
세종특별자치시 금남면 용포리,263,263,0,신성연기미소지움,84.8809,201302,28,18200,13,2007,용포2길 57-15,
세종특별자치시 금남면 용포리,263,263,0,신성연기미소지움,84.8809,201303,8,17500,3,2007,용포2길 57-15,
세종특별자치시 금남면 용포리,263,263,0,신성연기미소지움,84.8809,201303,15,17500,5,2007,용포2길 57-15,
세종특별자치시 금남면 용포리,263,263,0,신성연기미소지움,84.8809,201303,20,17700,6,2007,용포2길 57-15,
세종특별자치시 금남면 용포리,263,263,0,신성연기미소지움,84.8768,201303,27,19000,11,2007,용포2길 57-15,
세종특별자치시 금남면 용포리,263,263,0,신성연기미소지움,84.8768,201304,23,19000,14,2007,용포2길 57-15,
세종특별자치시 금남면 용포리,263,263,0,신성연기미소지움,84.8809,201305,10,17900,6,2007,용포2길 57-15,
세종특별자치시 금남면 용포리,263,263,0,신성연기미소지움,84.8809,201305,21,17000,2,2007,용포2길 57-15,
세종특별자치시 금남면 용포리,263,263,0,신성연기미소지움,84.8809,201305,27,17700,6,2007,용포2길 57-15,
세종특별자치시 금남면 용포리,263,263,0,신성연기미소지움,84.8809,201306,18,16150,1,2007,용포2길 57-15,
세종특별자치시 금남면 용포리,263,263,0,신성연기미소지움,84.8809,201307,4,18000,7,2007,용포2길 57-15,
세종특별자치시 금남면 용포리,263,263,0,신성연기미소지움,84.8768,201308,15,21000,8,2007,용포2길 57-15,
세종특별자치시 금남면 용포리,263,263,0,신성연기미소지움,84.8768,201308,22,19500,14,2007,용포2길 57-15,
세종특별자치시 금남면 용포리,263,263,0,신성연기미소지움,84.8768,201309,30,20000,7,2007,용포2길 57-15,
세종특별자치시 금남면 용포리,263,263,0,신성연기미소지움,84.8768,201310,2,17125,2,2007,용포2길 57-15,
세종특별자치시 금남면 용포리,263,263,0,신성연기미소지움,84.8809,201310,4,17700,7,2007,용포2길 57-15,
세종특별자치시 금남면 용포리,263,263,0,신성연기미소지움,84.8768,201310,17,19800,6,2007,용포2길 57-15,
세종특별자치시 금남면 용포리,263,263,0,신성연기미소지움,84.8768,201311,16,18500,6,2007,용포2길 57-15,
세종특별자치시 부강면 부강리,498-7,498,7,대신하나로,81.78,201301,3,8000,10,2002,부강로 29-12,
세종특별자치시 부강면 부강리,498-7,498,7,대신하나로,59.86,201304,24,8300,11,2002,부강로 29-12,
세종특별자치시 부강면 부강리,498-7,498,7,대신하나로,59.84,201304,29,7200,1,2002,부강로 29-12,
세종특별자치시 부강면 부강리,498-7,498,7,대신하나로,59.86,201306,5,8000,6,2002,부강로 29-12,
세종특별자치시 부강면 부강리,498-7,498,7,대신하나로,81.78,201306,20,13000,12,2002,부강로 29-12,
세종특별자치시 부강면 부강리,498-7,498,7,대신하나로,59.86,201306,21,7350,15,2002,부강로 29-12,
세종특별자치시 부강면 부강리,498-7,498,7,대신하나로,59.84,201306,26,8400,4,2002,부강로 29-12,
세종특별자치시 부강면 부강리,498-7,498,7,대신하나로,59.86,201308,10,6500,15,2002,부강로 29-12,
세종특별자치시 부강면 부강리,498-7,498,7,대신하나로,59.86,201309,2,8000,3,2002,부강로 29-12,
세종특별자치시 부강면 부강리,498-7,498,7,대신하나로,59.86,201309,4,8400,2,2002,부강로 29-12,
세종특별자치시 부강면 부강리,498-7,498,7,대신하나로,81.78,201311,18,13800,12,2002,부강로 29-12,
세종특별자치시 부강면 부강리,498-7,498,7,대신하나로,59.84,201312,27,7500,2,2002,부강로 29-12,
세종특별자치시 부강면 부강리,401-48,401,48,주연,59.82,201306,20,8500,13,1992,부촌길 60,
세종특별자치시 부강면 부강리,401-48,401,48,주연,59.82,201307,8,8800,4,1992,부촌길 60,
세종특별자치시 부강면 부강리,401-48,401,48,주연,59.82,201307,9,8500,3,1992,부촌길 60,
세종특별자치시 부강면 부강리,401-48,401,48,주연,59.82,201309,23,9800,7,1992,부촌길 60,
세종특별자치시 부강면 부강리,970-3,970,3,청솔,49.77,201302,14,7000,9,1994,부강3길 29-11,
세종특별자치시 부강면 부강리,970-3,970,3,청솔,49.77,201303,13,4000,14,1994,부강3길 29-11,
세종특별자치시 부강면 부강리,970-3,970,3,청솔,49.77,201303,13,7035,5,1994,부강3길 29-11,
세종특별자치시 부강면 부강리,970-3,970,3,청솔,49.77,201303,26,6800,4,1994,부강3길 29-11,
세종특별자치시 부강면 부강리,970-3,970,3,청솔,49.83,201303,31,7500,5,1994,부강3길 29-11,
세종특별자치시 부강면 부강리,970-3,970,3,청솔,49.77,201304,17,6900,7,1994,부강3길 29-11,
세종특별자치시 부강면 부강리,970-3,970,3,청솔,49.77,201305,31,7500,9,1994,부강3길 29-11,
세종특별자치시 부강면 부강리,970-3,970,3,청솔,49.77,201306,9,6500,3,1994,부강3길 29-11,
세종특별자치시 부강면 부강리,970-3,970,3,청솔,49.77,201308,1,7350,13,1994,부강3길 29-11,
세종특별자치시 부강면 부강리,970-3,970,3,청솔,49.77,201310,29,7500,3,1994,부강3길 29-11,
세종특별자치시 부강면 부강리,970-3,970,3,청솔,49.77,201311,11,7500,7,1994,부강3길 29-11,
세종특별자치시 부강면 부강리,457-2,457,2,팔팔,84.06,201304,15,8000,4,1991,시장1길 34,
세종특별자치시 부강면 부강리,457-2,457,2,팔팔,84.06,201305,11,7800,1,1991,시장1길 34,
세종특별자치시 부강면 부강리,457-2,457,2,팔팔,84.06,201311,1,8000,5,1991,시장1길 34,
세종특별자치시 소정면 운당리,Jan-35,35,1,무궁화,59.4,201302,24,4700,2,1996,세종로 4283,
세종특별자치시 소정면 운당리,Jan-35,35,1,무궁화,59.4,201303,5,4800,7,1996,세종로 4283,
세종특별자치시 소정면 운당리,Jan-35,35,1,무궁화,59.4,201303,6,4700,10,1996,세종로 4283,
세종특별자치시 소정면 운당리,Jan-35,35,1,무궁화,59.4,201306,15,5000,11,1996,세종로 4283,
세종특별자치시 소정면 운당리,Jan-35,35,1,무궁화,59.4,201306,19,5000,9,1996,세종로 4283,
세종특별자치시 소정면 운당리,Jan-35,35,1,무궁화,82.09,201306,19,7500,8,1996,세종로 4283,
세종특별자치시 소정면 운당리,Jan-35,35,1,무궁화,59.4,201309,17,6100,3,1996,세종로 4283,
세종특별자치시 소정면 운당리,Jan-35,35,1,무궁화,59.4,201310,23,4000,1,1996,세종로 4283,
세종특별자치시 소정면 운당리,Jan-35,35,1,무궁화,59.4,201311,5,3500,9,1996,세종로 4283,
세종특별자치시 소정면 운당리,Jan-35,35,1,무궁화,59.4,201312,7,5000,2,1996,세종로 4283,
세종특별자치시 연동면 명학리,255,255,0,다산청정,41.328,201301,3,5750,8,2001,태산로 58,
세종특별자치시 연동면 명학리,255,255,0,다산청정,31.758,201301,4,4350,1,2001,태산로 58,
세종특별자치시 연동면 명학리,255,255,0,다산청정,41.328,201301,10,5800,5,2001,태산로 58,
세종특별자치시 연동면 명학리,255,255,0,다산청정,49.277,201302,16,8000,5,2001,태산로 58,
세종특별자치시 연동면 명학리,255,255,0,다산청정,41.328,201302,23,6500,6,2001,태산로 58,
세종특별자치시 연동면 명학리,255,255,0,다산청정,49.277,201303,19,8000,6,2001,태산로 58,
세종특별자치시 연동면 명학리,255,255,0,다산청정,41.328,201303,20,6000,9,2001,태산로 58,
세종특별자치시 연동면 명학리,255,255,0,다산청정,31.758,201304,2,4550,7,2001,태산로 58,
세종특별자치시 연동면 명학리,255,255,0,다산청정,41.328,201304,2,5200,1,2001,태산로 58,
세종특별자치시 연동면 명학리,255,255,0,다산청정,41.328,201304,2,5400,2,2001,태산로 58,
세종특별자치시 연동면 명학리,255,255,0,다산청정,41.328,201304,2,5600,4,2001,태산로 58,
세종특별자치시 연동면 명학리,255,255,0,다산청정,41.328,201304,2,5600,5,2001,태산로 58,
세종특별자치시 연동면 명학리,255,255,0,다산청정,41.328,201304,2,5200,1,2001,태산로 58,
세종특별자치시 연동면 명학리,255,255,0,다산청정,41.328,201304,2,5200,1,2001,태산로 58,
세종특별자치시 연동면 명학리,255,255,0,다산청정,31.758,201304,24,4500,5,2001,태산로 58,
세종특별자치시 연동면 명학리,255,255,0,다산청정,49.277,201305,15,7500,7,2001,태산로 58,
세종특별자치시 연동면 명학리,255,255,0,다산청정,49.277,201305,23,7650,7,2001,태산로 58,
세종특별자치시 연동면 명학리,255,255,0,다산청정,49.277,201305,31,5800,1,2001,태산로 58,
세종특별자치시 연동면 명학리,255,255,0,다산청정,41.328,201306,1,5200,1,2001,태산로 58,
세종특별자치시 연동면 명학리,255,255,0,다산청정,41.328,201306,1,5200,2,2001,태산로 58,
세종특별자치시 연동면 명학리,255,255,0,다산청정,41.328,201306,3,6000,7,2001,태산로 58,
세종특별자치시 연동면 명학리,255,255,0,다산청정,31.758,201306,6,6000,2,2001,태산로 58,
세종특별자치시 연동면 명학리,255,255,0,다산청정,41.328,201306,7,5500,1,2001,태산로 58,
세종특별자치시 연동면 명학리,255,255,0,다산청정,41.328,201306,11,6400,6,2001,태산로 58,
세종특별자치시 연동면 명학리,255,255,0,다산청정,41.328,201306,11,6100,1,2001,태산로 58,
세종특별자치시 연동면 명학리,255,255,0,다산청정,31.758,201306,12,6100,2,2001,태산로 58,
세종특별자치시 연동면 명학리,255,255,0,다산청정,49.277,201306,17,7400,3,2001,태산로 58,
세종특별자치시 연동면 명학리,255,255,0,다산청정,41.328,201306,20,6350,6,2001,태산로 58,
세종특별자치시 연동면 명학리,255,255,0,다산청정,49.277,201307,9,7400,10,2001,태산로 58,
세종특별자치시 연동면 명학리,255,255,0,다산청정,49.277,201307,17,7750,7,2001,태산로 58,
세종특별자치시 연동면 명학리,255,255,0,다산청정,31.758,201307,24,5400,7,2001,태산로 58,
세종특별자치시 연동면 명학리,255,255,0,다산청정,49.277,201307,30,7400,2,2001,태산로 58,
세종특별자치시 연동면 명학리,255,255,0,다산청정,41.328,201308,2,6100,4,2001,태산로 58,
세종특별자치시 연동면 명학리,255,255,0,다산청정,41.328,201308,6,5500,1,2001,태산로 58,
세종특별자치시 연동면 명학리,255,255,0,다산청정,59.858,201308,8,9700,6,2001,태산로 58,
세종특별자치시 연동면 명학리,255,255,0,다산청정,59.858,201309,5,9800,8,2001,태산로 58,
세종특별자치시 연동면 명학리,255,255,0,다산청정,41.328,201309,6,6900,4,2001,태산로 58,
세종특별자치시 연동면 명학리,255,255,0,다산청정,41.328,201309,11,6000,4,2001,태산로 58,
세종특별자치시 연동면 명학리,255,255,0,다산청정,41.328,201309,13,6600,4,2001,태산로 58,
세종특별자치시 연동면 명학리,255,255,0,다산청정,59.858,201310,1,9000,7,2001,태산로 58,
세종특별자치시 연동면 명학리,255,255,0,다산청정,49.277,201310,8,7950,7,2001,태산로 58,
세종특별자치시 연동면 명학리,255,255,0,다산청정,59.858,201310,8,10000,4,2001,태산로 58,
세종특별자치시 연동면 명학리,255,255,0,다산청정,41.328,201310,14,6200,5,2001,태산로 58,
세종특별자치시 연동면 명학리,255,255,0,다산청정,49.277,201310,27,7500,10,2001,태산로 58,
세종특별자치시 연동면 명학리,255,255,0,다산청정,49.277,201311,2,8700,9,2001,태산로 58,
세종특별자치시 연동면 명학리,255,255,0,다산청정,49.277,201311,14,7100,2,2001,태산로 58,
세종특별자치시 연동면 명학리,255,255,0,다산청정,31.758,201311,15,4900,2,2001,태산로 58,
세종특별자치시 연동면 명학리,255,255,0,다산청정,49.277,201311,28,7000,8,2001,태산로 58,
세종특별자치시 연동면 명학리,255,255,0,다산청정,41.328,201312,1,5000,10,2001,태산로 58,
세종특별자치시 연동면 명학리,255,255,0,다산청정,49.277,201312,5,7500,10,2001,태산로 58,
세종특별자치시 연동면 명학리,255,255,0,다산청정,49.277,201312,10,8000,8,2001,태산로 58,
세종특별자치시 연동면 명학리,255,255,0,다산청정,31.758,201312,13,5000,7,2001,태산로 58,
세종특별자치시 연동면 명학리,255,255,0,다산청정,59.858,201312,30,9500,7,2001,태산로 58,
세종특별자치시 연서면 봉암리,622,622,0,대원네스트빌,59.858,201301,19,9200,7,2002,당산로 290,
세종특별자치시 연서면 봉암리,622,622,0,대원네스트빌,59.858,201302,1,9500,4,2002,당산로 290,
세종특별자치시 연서면 봉암리,622,622,0,대원네스트빌,59.858,201302,2,10000,8,2002,당산로 290,
세종특별자치시 연서면 봉암리,622,622,0,대원네스트빌,79.626,201302,19,10800,1,2002,당산로 290,
세종특별자치시 연서면 봉암리,622,622,0,대원네스트빌,79.626,201303,6,10500,7,2002,당산로 290,
세종특별자치시 연서면 봉암리,622,622,0,대원네스트빌,79.626,201303,6,10000,1,2002,당산로 290,
세종특별자치시 연서면 봉암리,622,622,0,대원네스트빌,59.858,201303,7,9600,2,2002,당산로 290,
세종특별자치시 연서면 봉암리,622,622,0,대원네스트빌,79.626,201303,8,14600,9,2002,당산로 290,
세종특별자치시 연서면 봉암리,622,622,0,대원네스트빌,79.626,201303,17,14850,8,2002,당산로 290,
세종특별자치시 연서면 봉암리,622,622,0,대원네스트빌,79.626,201303,20,10500,5,2002,당산로 290,
세종특별자치시 연서면 봉암리,622,622,0,대원네스트빌,79.626,201303,29,13000,2,2002,당산로 290,
세종특별자치시 연서면 봉암리,622,622,0,대원네스트빌,79.626,201304,2,13500,3,2002,당산로 290,
세종특별자치시 연서면 봉암리,622,622,0,대원네스트빌,79.626,201304,8,11700,5,2002,당산로 290,
세종특별자치시 연서면 봉암리,622,622,0,대원네스트빌,79.626,201304,17,14000,4,2002,당산로 290,
세종특별자치시 연서면 봉암리,622,622,0,대원네스트빌,59.858,201305,1,9350,3,2002,당산로 290,
세종특별자치시 연서면 봉암리,622,622,0,대원네스트빌,79.626,201305,23,12700,7,2002,당산로 290,
세종특별자치시 연서면 봉암리,622,622,0,대원네스트빌,79.626,201305,30,11000,10,2002,당산로 290,
세종특별자치시 연서면 봉암리,622,622,0,대원네스트빌,59.858,201305,31,10500,8,2002,당산로 290,
세종특별자치시 연서면 봉암리,622,622,0,대원네스트빌,59.858,201306,20,9400,3,2002,당산로 290,
세종특별자치시 연서면 봉암리,622,622,0,대원네스트빌,59.858,201306,20,10050,7,2002,당산로 290,
세종특별자치시 연서면 봉암리,622,622,0,대원네스트빌,79.626,201307,14,15000,8,2002,당산로 290,
세종특별자치시 연서면 봉암리,622,622,0,대원네스트빌,59.858,201307,29,10500,7,2002,당산로 290,
세종특별자치시 연서면 봉암리,622,622,0,대원네스트빌,79.626,201308,5,13400,1,2002,당산로 290,
세종특별자치시 연서면 봉암리,622,622,0,대원네스트빌,79.626,201308,23,14400,6,2002,당산로 290,
세종특별자치시 연서면 봉암리,622,622,0,대원네스트빌,79.626,201309,25,13900,6,2002,당산로 290,
세종특별자치시 연서면 봉암리,622,622,0,대원네스트빌,59.858,201309,27,10800,5,2002,당산로 290,
세종특별자치시 연서면 봉암리,622,622,0,대원네스트빌,59.858,201310,16,11100,6,2002,당산로 290,
세종특별자치시 연서면 봉암리,622,622,0,대원네스트빌,59.858,201310,25,9500,3,2002,당산로 290,
세종특별자치시 연서면 봉암리,622,622,0,대원네스트빌,79.626,201311,13,13000,1,2002,당산로 290,
세종특별자치시 연서면 봉암리,622,622,0,대원네스트빌,59.858,201312,31,10300,8,2002,당산로 290,
세종특별자치시 전동면 노장리,586,586,0,도원,49.32,201305,31,4450,1,1994,하노장4길 8,
세종특별자치시 전동면 노장리,586,586,0,도원,49.32,201307,2,3700,3,1994,하노장4길 8,
세종특별자치시 전동면 노장리,586,586,0,도원,49.32,201307,15,4500,4,1994,하노장4길 8,
세종특별자치시 전동면 노장리,586,586,0,도원,49.32,201307,30,4400,4,1994,하노장4길 8,
세종특별자치시 전동면 노장리,586,586,0,도원,49.41,201309,15,4200,1,1994,하노장4길 8,
세종특별자치시 전동면 노장리,586,586,0,도원,49.41,201312,11,4500,3,1994,하노장4길 8,
세종특별자치시 전의면 동교리,213-28,213,28,성호늘푸른,59.76,201301,9,6050,3,1997,동교동촌2길 16,
세종특별자치시 전의면 동교리,213-28,213,28,성호늘푸른,59.76,201301,16,6250,4,1997,동교동촌2길 16,
세종특별자치시 전의면 동교리,213-28,213,28,성호늘푸른,59.76,201301,18,6450,5,1997,동교동촌2길 16,
세종특별자치시 전의면 동교리,213-28,213,28,성호늘푸른,59.76,201301,19,7200,8,1997,동교동촌2길 16,
세종특별자치시 전의면 동교리,213-28,213,28,성호늘푸른,59.76,201301,20,5400,11,1997,동교동촌2길 16,
세종특별자치시 전의면 동교리,213-28,213,28,성호늘푸른,59.76,201301,20,5500,10,1997,동교동촌2길 16,
세종특별자치시 전의면 동교리,213-28,213,28,성호늘푸른,59.76,201301,20,5500,10,1997,동교동촌2길 16,
세종특별자치시 전의면 동교리,213-28,213,28,성호늘푸른,59.76,201303,8,6350,11,1997,동교동촌2길 16,
세종특별자치시 전의면 동교리,213-28,213,28,성호늘푸른,59.76,201303,8,6000,2,1997,동교동촌2길 16,
세종특별자치시 전의면 동교리,213-28,213,28,성호늘푸른,59.76,201303,8,6450,4,1997,동교동촌2길 16,
세종특별자치시 전의면 동교리,213-28,213,28,성호늘푸른,59.76,201303,12,6350,10,1997,동교동촌2길 16,
세종특별자치시 전의면 동교리,213-28,213,28,성호늘푸른,59.76,201303,16,6150,2,1997,동교동촌2길 16,
세종특별자치시 전의면 동교리,213-28,213,28,성호늘푸른,59.76,201303,29,6000,10,1997,동교동촌2길 16,
세종특별자치시 전의면 동교리,213-28,213,28,성호늘푸른,59.76,201304,10,6300,15,1997,동교동촌2길 16,
세종특별자치시 전의면 동교리,213-28,213,28,성호늘푸른,59.76,201304,24,6400,10,1997,동교동촌2길 16,
세종특별자치시 전의면 동교리,213-28,213,28,성호늘푸른,59.76,201304,27,6200,6,1997,동교동촌2길 16,
세종특별자치시 전의면 동교리,213-28,213,28,성호늘푸른,59.76,201304,27,6500,1,1997,동교동촌2길 16,
세종특별자치시 전의면 동교리,213-28,213,28,성호늘푸른,59.76,201305,11,5900,3,1997,동교동촌2길 16,
세종특별자치시 전의면 동교리,213-28,213,28,성호늘푸른,59.76,201305,16,6600,9,1997,동교동촌2길 16,
세종특별자치시 전의면 동교리,213-28,213,28,성호늘푸른,59.76,201305,18,5700,1,1997,동교동촌2길 16,
세종특별자치시 전의면 동교리,213-28,213,28,성호늘푸른,59.76,201305,19,6500,15,1997,동교동촌2길 16,
세종특별자치시 전의면 동교리,213-28,213,28,성호늘푸른,59.76,201305,21,5550,1,1997,동교동촌2길 16,
세종특별자치시 전의면 동교리,213-28,213,28,성호늘푸른,59.76,201306,1,6300,3,1997,동교동촌2길 16,
세종특별자치시 전의면 동교리,213-28,213,28,성호늘푸른,59.76,201306,6,6500,14,1997,동교동촌2길 16,
세종특별자치시 전의면 동교리,213-28,213,28,성호늘푸른,59.76,201306,10,6300,2,1997,동교동촌2길 16,
세종특별자치시 전의면 동교리,213-28,213,28,성호늘푸른,59.76,201306,10,6850,13,1997,동교동촌2길 16,
세종특별자치시 전의면 동교리,213-28,213,28,성호늘푸른,59.76,201306,10,6900,4,1997,동교동촌2길 16,
세종특별자치시 전의면 동교리,213-28,213,28,성호늘푸른,59.76,201306,23,6050,15,1997,동교동촌2길 16,
세종특별자치시 전의면 동교리,213-28,213,28,성호늘푸른,59.76,201307,15,6450,14,1997,동교동촌2길 16,
세종특별자치시 전의면 동교리,213-28,213,28,성호늘푸른,59.76,201307,25,6650,2,1997,동교동촌2길 16,
세종특별자치시 전의면 동교리,213-28,213,28,성호늘푸른,59.76,201308,6,6750,13,1997,동교동촌2길 16,
세종특별자치시 전의면 동교리,213-28,213,28,성호늘푸른,59.76,201308,28,6900,3,1997,동교동촌2길 16,
세종특별자치시 전의면 동교리,213-28,213,28,성호늘푸른,59.76,201309,1,6150,1,1997,동교동촌2길 16,
세종특별자치시 전의면 동교리,213-28,213,28,성호늘푸른,59.76,201309,6,6650,15,1997,동교동촌2길 16,
세종특별자치시 전의면 동교리,213-28,213,28,성호늘푸른,59.76,201309,21,6000,12,1997,동교동촌2길 16,
세종특별자치시 전의면 동교리,213-28,213,28,성호늘푸른,59.76,201309,26,6700,2,1997,동교동촌2길 16,
세종특별자치시 전의면 동교리,213-28,213,28,성호늘푸른,59.76,201310,10,7250,6,1997,동교동촌2길 16,
세종특별자치시 전의면 동교리,213-28,213,28,성호늘푸른,59.76,201310,18,6500,15,1997,동교동촌2길 16,
세종특별자치시 전의면 동교리,213-28,213,28,성호늘푸른,59.76,201311,4,6000,4,1997,동교동촌2길 16,
세종특별자치시 전의면 동교리,213-28,213,28,성호늘푸른,59.76,201311,30,7500,13,1997,동교동촌2길 16,
세종특별자치시 전의면 동교리,213-28,213,28,성호늘푸른,59.76,201312,20,5800,15,1997,동교동촌2길 16,
세종특별자치시 전의면 동교리,197-16,197,16,재동,59.87,201302,2,4300,5,1992,동신길 3,
세종특별자치시 전의면 동교리,197-16,197,16,재동,59.7,201303,5,3950,6,1992,동신길 3,
세종특별자치시 전의면 동교리,197-16,197,16,재동,51.9,201308,3,3625,6,1992,동신길 3,
세종특별자치시 전의면 동교리,197-16,197,16,재동,59.87,201308,5,4700,5,1992,동신길 3,
세종특별자치시 전의면 동교리,197-16,197,16,재동,51.9,201311,3,4500,1,1992,동신길 3,
세종특별자치시 전의면 동교리,121-6,121,6,"재동(1,2동)",59.88,201301,10,4000,1,1991,동신길 11,
세종특별자치시 전의면 동교리,121-6,121,6,"재동(1,2동)",59.88,201301,18,2900,6,1991,동신길 11,
세종특별자치시 전의면 동교리,121-6,121,6,"재동(1,2동)",45,201303,21,2850,6,1991,동신길 11,
세종특별자치시 전의면 동교리,121-6,121,6,"재동(1,2동)",59.88,201304,10,4500,2,1991,동신길 11,
세종특별자치시 전의면 동교리,121-6,121,6,"재동(1,2동)",59.88,201304,22,3500,1,1991,동신길 11,
세종특별자치시 전의면 동교리,121-6,121,6,"재동(1,2동)",58.88,201306,1,4400,6,1991,동신길 11,
세종특별자치시 전의면 동교리,121-6,121,6,"재동(1,2동)",45,201306,11,3900,1,1991,동신길 11,
세종특별자치시 전의면 동교리,121-6,121,6,"재동(1,2동)",59.88,201306,20,4000,6,1991,동신길 11,
세종특별자치시 전의면 동교리,121-6,121,6,"재동(1,2동)",59.88,201310,10,5200,5,1991,동신길 11,
세종특별자치시 전의면 동교리,121-6,121,6,"재동(1,2동)",58.88,201311,5,5000,6,1991,동신길 11,
세종특별자치시 전의면 동교리,121-6,121,6,"재동(1,2동)",45,201311,25,5100,3,1991,동신길 11,
세종특별자치시 전의면 동교리,121,121,0,재동(3동),49.65,201307,10,3700,5,1992,동신길 15,
세종특별자치시 전의면 유천리,528,528,0,민석그린,50.21,201301,7,6100,4,2001,운주산로 1398,
세종특별자치시 전의면 유천리,528,528,0,민석그린,50.21,201301,24,5700,1,2001,운주산로 1398,
세종특별자치시 전의면 유천리,528,528,0,민석그린,59.94,201302,22,6300,5,2001,운주산로 1398,
세종특별자치시 전의면 유천리,528,528,0,민석그린,50.21,201302,26,6500,5,2001,운주산로 1398,
세종특별자치시 전의면 유천리,528,528,0,민석그린,59.94,201303,15,7200,1,2001,운주산로 1398,
세종특별자치시 전의면 유천리,528,528,0,민석그린,45.57,201303,17,5800,1,2001,운주산로 1398,
세종특별자치시 전의면 유천리,528,528,0,민석그린,45.57,201303,29,5800,5,2001,운주산로 1398,
세종특별자치시 전의면 유천리,528,528,0,민석그린,50.21,201304,13,6070,2,2001,운주산로 1398,
세종특별자치시 전의면 유천리,528,528,0,민석그린,59.94,201304,15,7000,1,2001,운주산로 1398,
세종특별자치시 전의면 유천리,528,528,0,민석그린,59.94,201304,18,7200,1,2001,운주산로 1398,
세종특별자치시 전의면 유천리,528,528,0,민석그린,59.94,201304,19,7200,1,2001,운주산로 1398,
세종특별자치시 전의면 유천리,528,528,0,민석그린,50.21,201304,22,6400,1,2001,운주산로 1398,
세종특별자치시 전의면 유천리,528,528,0,민석그린,50.21,201304,26,6500,2,2001,운주산로 1398,
세종특별자치시 전의면 유천리,528,528,0,민석그린,50.21,201304,30,6300,3,2001,운주산로 1398,
세종특별자치시 전의면 유천리,528,528,0,민석그린,45.57,201305,3,5800,5,2001,운주산로 1398,
세종특별자치시 전의면 유천리,528,528,0,민석그린,59.94,201305,28,6500,1,2001,운주산로 1398,
세종특별자치시 전의면 유천리,528,528,0,민석그린,59.94,201306,7,6950,1,2001,운주산로 1398,
세종특별자치시 전의면 유천리,528,528,0,민석그린,59.94,201306,10,7300,5,2001,운주산로 1398,
세종특별자치시 전의면 유천리,528,528,0,민석그린,59.94,201306,17,7250,5,2001,운주산로 1398,
세종특별자치시 전의면 유천리,528,528,0,민석그린,45.57,201306,20,6100,5,2001,운주산로 1398,
세종특별자치시 전의면 유천리,528,528,0,민석그린,59.94,201306,21,7200,1,2001,운주산로 1398,
세종특별자치시 전의면 유천리,528,528,0,민석그린,59.94,201307,31,7000,5,2001,운주산로 1398,
세종특별자치시 전의면 유천리,528,528,0,민석그린,45.57,201308,5,6250,4,2001,운주산로 1398,
세종특별자치시 전의면 유천리,528,528,0,민석그린,50.21,201308,16,6400,2,2001,운주산로 1398,
세종특별자치시 전의면 유천리,528,528,0,민석그린,50.21,201309,2,5600,1,2001,운주산로 1398,
세종특별자치시 전의면 유천리,528,528,0,민석그린,59.94,201309,9,7100,5,2001,운주산로 1398,
세종특별자치시 전의면 유천리,528,528,0,민석그린,59.94,201309,16,7650,3,2001,운주산로 1398,
세종특별자치시 전의면 유천리,528,528,0,민석그린,45.57,201309,17,6300,1,2001,운주산로 1398,
세종특별자치시 전의면 유천리,528,528,0,민석그린,45.57,201309,20,6100,2,2001,운주산로 1398,
세종특별자치시 전의면 유천리,528,528,0,민석그린,50.21,201310,2,6500,4,2001,운주산로 1398,
세종특별자치시 전의면 유천리,528,528,0,민석그린,45.57,201311,12,5800,3,2001,운주산로 1398,
세종특별자치시 전의면 유천리,528,528,0,민석그린,50.21,201312,12,6900,2,2001,운주산로 1398,
세종특별자치시 조치원읍 교리,11월 01일,11,1,계룡,59.28,201302,1,9000,5,1989,새내로 143,
세종특별자치시 조치원읍 교리,11월 01일,11,1,계룡,80.85,201303,18,11500,3,1989,새내로 143,
세종특별자치시 조치원읍 교리,11월 01일,11,1,계룡,59.28,201304,1,8800,12,1989,새내로 143,
세종특별자치시 조치원읍 교리,11월 01일,11,1,계룡,59.28,201304,18,8500,9,1989,새내로 143,
세종특별자치시 조치원읍 교리,11월 01일,11,1,계룡,59.28,201304,18,9200,12,1989,새내로 143,
세종특별자치시 조치원읍 교리,11월 01일,11,1,계룡,76.47,201305,6,10500,6,1989,새내로 143,
세종특별자치시 조치원읍 교리,11월 01일,11,1,계룡,59.28,201305,7,9500,9,1989,새내로 143,
세종특별자치시 조치원읍 교리,11월 01일,11,1,계룡,59.28,201308,19,9150,5,1989,새내로 143,
세종특별자치시 조치원읍 교리,11월 01일,11,1,계룡,59.28,201310,7,8650,4,1989,새내로 143,
세종특별자치시 조치원읍 교리,11월 01일,11,1,계룡,59.28,201310,12,8400,4,1989,새내로 143,
세종특별자치시 조치원읍 교리,11월 01일,11,1,계룡,59.28,201311,15,9400,9,1989,새내로 143,
세종특별자치시 조치원읍 교리,12월 01일,12,1,목화,84.94,201301,11,9700,2,1994,새내17길 7,
세종특별자치시 조치원읍 교리,12월 01일,12,1,목화,59.9,201303,27,8500,12,1994,새내17길 7,
세종특별자치시 조치원읍 교리,12월 01일,12,1,목화,59.9,201305,2,8500,2,1994,새내17길 7,
세종특별자치시 조치원읍 교리,12월 01일,12,1,목화,84.94,201305,13,12750,8,1994,새내17길 7,
세종특별자치시 조치원읍 교리,12월 01일,12,1,목화,128.81,201305,27,12500,1,1994,새내17길 7,
세종특별자치시 조치원읍 교리,12월 01일,12,1,목화,59.9,201306,28,8900,14,1994,새내17길 7,
세종특별자치시 조치원읍 교리,12월 01일,12,1,목화,84.94,201307,19,10000,11,1994,새내17길 7,
세종특별자치시 조치원읍 교리,12월 01일,12,1,목화,84.94,201307,26,11500,2,1994,새내17길 7,
세종특별자치시 조치원읍 교리,12월 01일,12,1,목화,59.9,201310,21,9000,15,1994,새내17길 7,
세종특별자치시 조치원읍 교리,12월 01일,12,1,목화,59.9,201311,11,9900,9,1994,새내17길 7,
세종특별자치시 조치원읍 교리,140,140,0,현대,84.99,201302,7,12000,8,1992,새내로 165,
세종특별자치시 조치원읍 교리,140,140,0,현대,84.99,201302,13,12000,4,1992,새내로 165,
세종특별자치시 조치원읍 교리,140,140,0,현대,84.99,201304,3,13000,13,1992,새내로 165,
세종특별자치시 조치원읍 교리,140,140,0,현대,84.99,201304,11,13250,4,1992,새내로 165,
세종특별자치시 조치원읍 교리,140,140,0,현대,84.99,201305,25,14000,11,1992,새내로 165,
세종특별자치시 조치원읍 교리,140,140,0,현대,84.99,201305,27,10800,15,1992,새내로 165,
세종특별자치시 조치원읍 교리,140,140,0,현대,84.99,201307,23,12300,9,1992,새내로 165,
세종특별자치시 조치원읍 교리,140,140,0,현대,84.99,201308,10,10900,1,1992,새내로 165,
세종특별자치시 조치원읍 교리,140,140,0,현대,84.99,201308,18,13470,4,1992,새내로 165,
세종특별자치시 조치원읍 교리,140,140,0,현대,84.99,201308,27,10000,1,1992,새내로 165,
세종특별자치시 조치원읍 교리,140,140,0,현대,84.99,201310,17,12950,10,1992,새내로 165,
세종특별자치시 조치원읍 교리,140,140,0,현대,84.99,201311,15,12800,6,1992,새내로 165,
세종특별자치시 조치원읍 교리,140,140,0,현대,84.99,201311,27,11500,15,1992,새내로 165,
세종특별자치시 조치원읍 교리,140,140,0,현대,84.99,201311,30,13300,10,1992,새내로 165,
세종특별자치시 조치원읍 교리,140,140,0,현대,84.99,201312,25,13000,11,1992,새내로 165,
세종특별자치시 조치원읍 남리,456,456,0,다원파크리안,83.256,201301,18,12500,10,2003,산책2길 8,
세종특별자치시 조치원읍 남리,456,456,0,다원파크리안,83.256,201301,23,12400,4,2003,조치원4길 176,
세종특별자치시 조치원읍 남리,456,456,0,다원파크리안,83.256,201301,26,11500,2,2003,산책2길 8,
세종특별자치시 조치원읍 남리,456,456,0,다원파크리안,83.256,201301,30,12700,5,2003,조치원4길 176,
세종특별자치시 조치원읍 남리,456,456,0,다원파크리안,83.256,201302,1,10000,4,2003,산책2길 8,
세종특별자치시 조치원읍 남리,456,456,0,다원파크리안,83.256,201302,1,11750,7,2003,산책2길 8,
세종특별자치시 조치원읍 남리,456,456,0,다원파크리안,83.256,201302,3,12000,8,2003,조치원4길 176,
세종특별자치시 조치원읍 남리,456,456,0,다원파크리안,83.256,201302,5,12600,11,2003,조치원4길 176,
세종특별자치시 조치원읍 남리,456,456,0,다원파크리안,83.256,201302,20,12300,4,2003,조치원4길 168,
세종특별자치시 조치원읍 남리,456,456,0,다원파크리안,83.256,201302,22,12500,6,2003,조치원4길 168,
세종특별자치시 조치원읍 남리,456,456,0,다원파크리안,83.256,201303,4,12000,15,2003,조치원4길 176,
세종특별자치시 조치원읍 남리,456,456,0,다원파크리안,65.78,201303,14,10800,13,2003,조치원4길 176,
세종특별자치시 조치원읍 남리,456,456,0,다원파크리안,83.256,201303,18,12600,4,2003,조치원4길 168,
세종특별자치시 조치원읍 남리,456,456,0,다원파크리안,83.256,201303,21,12400,14,2003,산책2길 8,
세종특별자치시 조치원읍 남리,456,456,0,다원파크리안,83.256,201303,21,12300,5,2003,조치원4길 168,
세종특별자치시 조치원읍 남리,456,456,0,다원파크리안,83.256,201303,21,12000,3,2003,조치원4길 168,
세종특별자치시 조치원읍 남리,456,456,0,다원파크리안,83.256,201304,3,11600,15,2003,산책2길 8,
세종특별자치시 조치원읍 남리,456,456,0,다원파크리안,83.256,201304,5,13200,5,2003,조치원4길 168,
세종특별자치시 조치원읍 남리,456,456,0,다원파크리안,83.256,201304,16,11700,1,2003,조치원4길 176,
세종특별자치시 조치원읍 남리,456,456,0,다원파크리안,65.78,201305,1,9200,8,2003,조치원4길 176,
세종특별자치시 조치원읍 남리,456,456,0,다원파크리안,83.256,201305,7,12300,4,2003,산책2길 8,
세종특별자치시 조치원읍 남리,456,456,0,다원파크리안,83.256,201306,1,12000,14,2003,산책2길 8,
세종특별자치시 조치원읍 남리,456,456,0,다원파크리안,83.256,201306,3,11870,3,2003,산책2길 8,
세종특별자치시 조치원읍 남리,456,456,0,다원파크리안,83.256,201306,4,13400,12,2003,조치원4길 176,
세종특별자치시 조치원읍 남리,456,456,0,다원파크리안,83.256,201306,11,12800,4,2003,조치원4길 176,
세종특별자치시 조치원읍 남리,456,456,0,다원파크리안,83.256,201307,10,13000,9,2003,조치원4길 176,
세종특별자치시 조치원읍 남리,456,456,0,다원파크리안,83.256,201307,15,12200,6,2003,조치원4길 176,
세종특별자치시 조치원읍 남리,456,456,0,다원파크리안,83.256,201307,21,12600,11,2003,조치원4길 176,
세종특별자치시 조치원읍 남리,456,456,0,다원파크리안,83.256,201308,20,12900,11,2003,조치원4길 168,
세종특별자치시 조치원읍 남리,456,456,0,다원파크리안,83.256,201309,14,11800,4,2003,조치원4길 168,
세종특별자치시 조치원읍 남리,456,456,0,다원파크리안,83.256,201309,16,12800,2,2003,조치원4길 176,
세종특별자치시 조치원읍 남리,456,456,0,다원파크리안,83.256,201309,25,12900,7,2003,산책2길 8,
세종특별자치시 조치원읍 남리,456,456,0,다원파크리안,83.256,201310,1,12700,10,2003,조치원4길 176,
세종특별자치시 조치원읍 남리,456,456,0,다원파크리안,83.256,201310,3,12450,1,2003,조치원4길 168,
세종특별자치시 조치원읍 남리,456,456,0,다원파크리안,83.256,201310,7,11500,13,2003,조치원4길 176,
세종특별자치시 조치원읍 남리,456,456,0,다원파크리안,83.256,201310,23,11000,1,2003,산책2길 8,
세종특별자치시 조치원읍 남리,456,456,0,다원파크리안,83.256,201311,8,13000,13,2003,조치원4길 176,
세종특별자치시 조치원읍 남리,456,456,0,다원파크리안,83.256,201311,16,12700,1,2003,조치원4길 176,
세종특별자치시 조치원읍 남리,456,456,0,다원파크리안,83.256,201312,6,13800,5,2003,조치원4길 176,
세종특별자치시 조치원읍 남리,456,456,0,다원파크리안,83.256,201312,26,11200,2,2003,조치원4길 176,
세종특별자치시 조치원읍 남리,456,456,0,다원파크리안,83.256,201312,31,13300,4,2003,조치원4길 176,
세종특별자치시 조치원읍 번암리,Feb-75,75,2,번암주공,39.69,201301,4,5600,1,1989,군청로 23,
세종특별자치시 조치원읍 번암리,Feb-75,75,2,번암주공,39.69,201301,13,5800,2,1989,군청로 23,
세종특별자치시 조치원읍 번암리,Feb-75,75,2,번암주공,39.3,201301,22,6000,2,1989,군청로 23,
세종특별자치시 조치원읍 번암리,Feb-75,75,2,번암주공,39.69,201301,29,5950,5,1989,군청로 23,
세종특별자치시 조치원읍 번암리,Feb-75,75,2,번암주공,39.3,201301,29,5950,1,1989,군청로 23,
세종특별자치시 조치원읍 번암리,Feb-75,75,2,번암주공,39.3,201302,4,5500,5,1989,군청로 23,
세종특별자치시 조치원읍 번암리,Feb-75,75,2,번암주공,46.68,201303,4,6800,2,1989,군청로 23,
세종특별자치시 조치원읍 번암리,Feb-75,75,2,번암주공,39.3,201303,11,5400,5,1989,군청로 23,
세종특별자치시 조치원읍 번암리,Feb-75,75,2,번암주공,47.01,201303,13,6900,4,1989,군청로 23,
세종특별자치시 조치원읍 번암리,Feb-75,75,2,번암주공,47.01,201303,19,6300,1,1989,군청로 23,
세종특별자치시 조치원읍 번암리,Feb-75,75,2,번암주공,39.69,201303,23,5000,5,1989,군청로 23,
세종특별자치시 조치원읍 번암리,Feb-75,75,2,번암주공,39.3,201304,10,5700,1,1989,군청로 23,
세종특별자치시 조치원읍 번암리,Feb-75,75,2,번암주공,39.3,201305,8,6000,4,1989,군청로 23,
세종특별자치시 조치원읍 번암리,Feb-75,75,2,번암주공,46.68,201305,13,7000,4,1989,군청로 23,
세종특별자치시 조치원읍 번암리,Feb-75,75,2,번암주공,39.69,201305,27,6300,4,1989,군청로 23,
세종특별자치시 조치원읍 번암리,Feb-75,75,2,번암주공,39.3,201305,27,6500,4,1989,군청로 23,
세종특별자치시 조치원읍 번암리,Feb-75,75,2,번암주공,46.68,201305,31,7500,1,1989,군청로 23,
세종특별자치시 조치원읍 번암리,Feb-75,75,2,번암주공,39.69,201306,5,6100,3,1989,군청로 23,
세종특별자치시 조치원읍 번암리,Feb-75,75,2,번암주공,39.3,201306,7,6200,3,1989,군청로 23,
세종특별자치시 조치원읍 번암리,Feb-75,75,2,번암주공,39.3,201306,10,6200,2,1989,군청로 23,
세종특별자치시 조치원읍 번암리,Feb-75,75,2,번암주공,39.3,201306,17,5850,1,1989,군청로 23,
세종특별자치시 조치원읍 번암리,Feb-75,75,2,번암주공,46.68,201306,27,7700,4,1989,군청로 23,
세종특별자치시 조치원읍 번암리,Feb-75,75,2,번암주공,47.01,201306,28,7450,3,1989,군청로 23,
세종특별자치시 조치원읍 번암리,Feb-75,75,2,번암주공,39.3,201307,3,6100,4,1989,군청로 23,
세종특별자치시 조치원읍 번암리,Feb-75,75,2,번암주공,39.69,201307,3,6000,3,1989,군청로 23,
세종특별자치시 조치원읍 번암리,Feb-75,75,2,번암주공,39.69,201307,7,5600,5,1989,군청로 23,
세종특별자치시 조치원읍 번암리,Feb-75,75,2,번암주공,39.3,201307,10,5700,3,1989,군청로 23,
세종특별자치시 조치원읍 번암리,Feb-75,75,2,번암주공,39.3,201307,13,5600,5,1989,군청로 23,
세종특별자치시 조치원읍 번암리,Feb-75,75,2,번암주공,39.69,201308,23,5800,1,1989,군청로 23,
세종특별자치시 조치원읍 번암리,Feb-75,75,2,번암주공,46.68,201308,29,7200,1,1989,군청로 23,
세종특별자치시 조치원읍 번암리,Feb-75,75,2,번암주공,39.69,201308,31,6250,4,1989,군청로 23,
세종특별자치시 조치원읍 번암리,Feb-75,75,2,번암주공,46.68,201309,11,7500,3,1989,군청로 23,
세종특별자치시 조치원읍 번암리,Feb-75,75,2,번암주공,39.69,201309,23,6150,1,1989,군청로 23,
세종특별자치시 조치원읍 번암리,Feb-75,75,2,번암주공,46.68,201310,4,7400,3,1989,군청로 23,
세종특별자치시 조치원읍 번암리,Feb-75,75,2,번암주공,39.3,201310,5,5830,4,1989,군청로 23,
세종특별자치시 조치원읍 번암리,Feb-75,75,2,번암주공,47.01,201310,5,7300,3,1989,군청로 23,
세종특별자치시 조치원읍 번암리,Feb-75,75,2,번암주공,39.3,201310,19,6300,4,1989,군청로 23,
세종특별자치시 조치원읍 번암리,Feb-75,75,2,번암주공,47.01,201310,22,6000,5,1989,군청로 23,
세종특별자치시 조치원읍 번암리,Feb-75,75,2,번암주공,39.69,201311,12,5650,5,1989,군청로 23,
세종특별자치시 조치원읍 번암리,Feb-75,75,2,번암주공,47.01,201311,25,6650,3,1989,군청로 23,
세종특별자치시 조치원읍 번암리,Feb-75,75,2,번암주공,39.3,201311,28,5950,1,1989,군청로 23,
세종특별자치시 조치원읍 번암리,Feb-75,75,2,번암주공,39.3,201312,5,5800,5,1989,군청로 23,
세종특별자치시 조치원읍 번암리,Feb-75,75,2,번암주공,39.3,201312,6,6500,1,1989,군청로 23,
세종특별자치시 조치원읍 번암리,Feb-75,75,2,번암주공,46.68,201312,10,7000,5,1989,군청로 23,
세종특별자치시 조치원읍 번암리,Feb-75,75,2,번암주공,39.3,201312,12,6400,4,1989,군청로 23,
세종특별자치시 조치원읍 번암리,Feb-75,75,2,번암주공,39.3,201312,30,5800,5,1989,군청로 23,
세종특별자치시 조치원읍 상리,114-1,114,1,굿애플 허브,16.1,201310,1,6500,4,2013,새내12길 78,
세종특별자치시 조치원읍 상리,114-1,114,1,굿애플 허브,16.1,201310,1,6500,4,2013,새내12길 78,
세종특별자치시 조치원읍 상리,114-1,114,1,굿애플 허브,16.1,201310,1,6500,4,2013,새내12길 78,
세종특별자치시 조치원읍 서창리,133-10,133,10,두진한라,59.85,201302,13,5700,3,1991,모과나무1길 2,
세종특별자치시 조치원읍 서창리,133-10,133,10,두진한라,59.64,201302,20,6250,3,1991,모과나무1길 2,
세종특별자치시 조치원읍 서창리,133-10,133,10,두진한라,59.98,201303,23,5900,5,1991,모과나무1길 2,
세종특별자치시 조치원읍 서창리,133-10,133,10,두진한라,59.71,201304,6,5850,5,1991,모과나무1길 2,
세종특별자치시 조치원읍 서창리,133-10,133,10,두진한라,59.64,201306,21,4800,3,1991,모과나무1길 2,
세종특별자치시 조치원읍 서창리,133-10,133,10,두진한라,59.71,201310,11,4500,6,1991,모과나무1길 2,
세종특별자치시 조치원읍 서창리,133-10,133,10,두진한라,59.71,201311,5,5500,6,1991,모과나무1길 2,
세종특별자치시 조치원읍 신안리,346,346,0,도화,26.47,201301,5,3100,6,1996,섭골길 85,
세종특별자치시 조치원읍 신안리,346,346,0,도화,26.47,201301,5,3100,6,1996,섭골길 85,
세종특별자치시 조치원읍 신안리,346,346,0,도화,24.34,201301,5,3100,6,1996,섭골길 85,
세종특별자치시 조치원읍 신안리,346,346,0,도화,24.34,201301,5,3100,6,1996,섭골길 85,
세종특별자치시 조치원읍 신안리,346,346,0,도화,24.34,201301,5,3300,6,1996,섭골길 85,
세종특별자치시 조치원읍 신안리,346,346,0,도화,24.34,201301,5,3100,6,1996,섭골길 85,
세종특별자치시 조치원읍 신안리,346,346,0,도화,24.34,201301,5,3100,6,1996,섭골길 85,
세종특별자치시 조치원읍 신안리,346,346,0,도화,26.47,201301,5,3300,6,1996,섭골길 85,
세종특별자치시 조치원읍 신안리,346,346,0,도화,26.47,201301,5,3100,7,1996,섭골길 85,
세종특별자치시 조치원읍 신안리,346,346,0,도화,26.47,201301,5,3100,7,1996,섭골길 85,
세종특별자치시 조치원읍 신안리,346,346,0,도화,24.34,201301,5,3100,7,1996,섭골길 85,
세종특별자치시 조치원읍 신안리,346,346,0,도화,26.47,201301,5,3100,6,1996,섭골길 85,
세종특별자치시 조치원읍 신안리,346,346,0,도화,26.47,201302,8,3100,6,1996,섭골길 85,
세종특별자치시 조치원읍 신안리,542,542,0,세종e편한세상,103.2294,201302,24,21210,19,2013,섭골길 59,
세종특별자치시 조치원읍 신안리,542,542,0,세종e편한세상,99.6514,201304,3,20611,12,2013,섭골길 59,
세종특별자치시 조치원읍 신안리,542,542,0,세종e편한세상,84.7067,201304,24,19000,13,2013,섭골길 59,
세종특별자치시 조치원읍 신안리,542,542,0,세종e편한세상,84.7067,201305,10,17444,3,2013,섭골길 59,
세종특별자치시 조치원읍 신안리,542,542,0,세종e편한세상,125.7081,201305,11,22136,1,2013,섭골길 59,
세종특별자치시 조치원읍 신안리,542,542,0,세종e편한세상,84.7067,201305,13,17200,4,2013,섭골길 59,
세종특별자치시 조치원읍 신안리,542,542,0,세종e편한세상,103.2294,201305,15,18800,1,2013,섭골길 59,
세종특별자치시 조치원읍 신안리,542,542,0,세종e편한세상,84.7067,201305,22,18100,11,2013,섭골길 59,
세종특별자치시 조치원읍 신안리,542,542,0,세종e편한세상,99.6514,201305,27,20760,11,2013,섭골길 59,
세종특별자치시 조치원읍 신안리,542,542,0,세종e편한세상,84.3869,201305,27,19208,15,2013,섭골길 59,
세종특별자치시 조치원읍 신안리,542,542,0,세종e편한세상,84.3869,201306,13,18100,2,2013,섭골길 59,
세종특별자치시 조치원읍 신안리,542,542,0,세종e편한세상,84.7067,201306,14,18200,9,2013,섭골길 59,
세종특별자치시 조치원읍 신안리,542,542,0,세종e편한세상,103.2294,201307,2,21300,13,2013,섭골길 59,
세종특별자치시 조치원읍 신안리,542,542,0,세종e편한세상,103.2294,201307,6,21450,11,2013,섭골길 59,
세종특별자치시 조치원읍 신안리,542,542,0,세종e편한세상,125.7081,201307,31,24953,10,2013,섭골길 59,
세종특별자치시 조치원읍 신안리,542,542,0,세종e편한세상,84.7067,201308,11,18700,10,2013,섭골길 59,
세종특별자치시 조치원읍 신안리,542,542,0,세종e편한세상,84.7067,201308,14,18000,8,2013,섭골길 59,
세종특별자치시 조치원읍 신안리,542,542,0,세종e편한세상,125.7081,201308,17,25500,5,2013,섭골길 59,
세종특별자치시 조치원읍 신안리,542,542,0,세종e편한세상,125.7081,201308,20,22900,7,2013,섭골길 59,
세종특별자치시 조치원읍 신안리,542,542,0,세종e편한세상,125.7081,201308,23,25000,5,2013,섭골길 59,
세종특별자치시 조치원읍 신안리,542,542,0,세종e편한세상,99.6514,201309,6,20000,1,2013,섭골길 59,
세종특별자치시 조치원읍 신안리,542,542,0,세종e편한세상,152.785,201309,8,26000,13,2013,섭골길 59,
세종특별자치시 조치원읍 신안리,542,542,0,세종e편한세상,125.542,201310,1,24500,5,2013,섭골길 59,
세종특별자치시 조치원읍 신안리,542,542,0,세종e편한세상,99.6514,201310,1,21500,7,2013,섭골길 59,
세종특별자치시 조치원읍 신안리,542,542,0,세종e편한세상,125.542,201310,2,24150,13,2013,섭골길 59,
세종특별자치시 조치원읍 신안리,542,542,0,세종e편한세상,125.542,201310,5,22900,2,2013,섭골길 59,
세종특별자치시 조치원읍 신안리,542,542,0,세종e편한세상,84.3869,201310,9,20500,4,2013,섭골길 59,
세종특별자치시 조치원읍 신안리,542,542,0,세종e편한세상,125.542,201310,12,26600,10,2013,섭골길 59,
세종특별자치시 조치원읍 신안리,542,542,0,세종e편한세상,99.6514,201310,22,20400,6,2013,섭골길 59,
세종특별자치시 조치원읍 신안리,542,542,0,세종e편한세상,152.785,201311,2,25100,3,2013,섭골길 59,
세종특별자치시 조치원읍 신안리,542,542,0,세종e편한세상,125.7081,201311,25,24800,8,2013,섭골길 59,
세종특별자치시 조치원읍 신안리,542,542,0,세종e편한세상,99.6514,201312,18,22000,18,2013,섭골길 59,
세종특별자치시 조치원읍 신안리,542,542,0,세종e편한세상,99.6514,201312,26,21500,8,2013,섭골길 59,
세종특별자치시 조치원읍 신안리,542,542,0,세종e편한세상,99.6514,201312,28,21400,20,2013,섭골길 59,
세종특별자치시 조치원읍 신안리,Mar-35,35,3,유니빌,28.168,201301,16,4250,2,2002,신안새동네길 26-10,
세종특별자치시 조치원읍 신안리,Mar-35,35,3,유니빌,28.168,201308,13,4100,3,2002,신안새동네길 26-10,
세종특별자치시 조치원읍 신안리,Mar-35,35,3,유니빌,28.168,201308,14,3900,10,2002,신안새동네길 26-10,
세종특별자치시 조치원읍 신안리,Mar-35,35,3,유니빌,28.168,201308,16,3800,7,2002,신안새동네길 26-10,
세종특별자치시 조치원읍 신안리,Mar-35,35,3,유니빌,25.828,201308,29,3900,14,2002,신안새동네길 26-10,
세종특별자치시 조치원읍 신안리,Mar-35,35,3,유니빌,25.828,201308,29,3900,14,2002,신안새동네길 26-10,
세종특별자치시 조치원읍 신안리,Mar-35,35,3,유니빌,25.828,201308,29,3900,14,2002,신안새동네길 26-10,
세종특별자치시 조치원읍 신안리,Mar-35,35,3,유니빌,28.168,201310,16,3900,7,2002,신안새동네길 26-10,
세종특별자치시 조치원읍 신안리,Mar-35,35,3,유니빌,28.168,201312,3,4300,7,2002,신안새동네길 26-10,
세종특별자치시 조치원읍 신안리,Mar-35,35,3,유니빌,28.168,201312,3,4200,3,2002,신안새동네길 26-10,
세종특별자치시 조치원읍 신안리,244-1,244,1,조형,58.35,201301,3,7200,2,1991,운주산로 60,
세종특별자치시 조치원읍 신안리,244-1,244,1,조형,39.97,201301,3,4900,2,1991,운주산로 60,
세종특별자치시 조치원읍 신안리,244-1,244,1,조형,39.97,201301,6,4600,1,1991,운주산로 60,
세종특별자치시 조치원읍 신안리,244-1,244,1,조형,58.35,201301,12,7000,3,1991,운주산로 60,
세종특별자치시 조치원읍 신안리,244-1,244,1,조형,39.97,201301,19,4500,1,1991,운주산로 60,
세종특별자치시 조치원읍 신안리,244-1,244,1,조형,58.35,201301,29,7000,3,1991,운주산로 60,
세종특별자치시 조치원읍 신안리,244-1,244,1,조형,39.97,201302,13,4550,4,1991,운주산로 60,
세종특별자치시 조치원읍 신안리,244-1,244,1,조형,58.35,201302,18,6600,4,1991,운주산로 60,
세종특별자치시 조치원읍 신안리,244-1,244,1,조형,58.35,201302,19,6200,5,1991,운주산로 60,
세종특별자치시 조치원읍 신안리,244-1,244,1,조형,39.97,201302,22,4900,1,1991,운주산로 60,
세종특별자치시 조치원읍 신안리,244-1,244,1,조형,58.35,201302,23,6000,5,1991,운주산로 60,
세종특별자치시 조치원읍 신안리,244-1,244,1,조형,58.35,201302,23,5900,1,1991,운주산로 60,
세종특별자치시 조치원읍 신안리,244-1,244,1,조형,58.35,201303,1,7400,3,1991,운주산로 60,
세종특별자치시 조치원읍 신안리,244-1,244,1,조형,39.97,201303,2,5300,3,1991,운주산로 60,
세종특별자치시 조치원읍 신안리,244-1,244,1,조형,39.97,201305,16,5300,3,1991,운주산로 60,
세종특별자치시 조치원읍 신안리,244-1,244,1,조형,39.97,201305,25,5250,3,1991,운주산로 60,
세종특별자치시 조치원읍 신안리,244-1,244,1,조형,58.35,201306,10,5500,5,1991,운주산로 60,
세종특별자치시 조치원읍 신안리,244-1,244,1,조형,58.35,201306,12,7200,1,1991,운주산로 60,
세종특별자치시 조치원읍 신안리,244-1,244,1,조형,39.97,201306,16,4850,5,1991,운주산로 60,
세종특별자치시 조치원읍 신안리,244-1,244,1,조형,58.35,201306,18,4500,2,1991,운주산로 60,
세종특별자치시 조치원읍 신안리,244-1,244,1,조형,39.97,201307,8,4500,1,1991,운주산로 60,
세종특별자치시 조치원읍 신안리,244-1,244,1,조형,39.97,201307,16,4400,1,1991,운주산로 60,
세종특별자치시 조치원읍 신안리,244-1,244,1,조형,39.97,201307,16,4400,5,1991,운주산로 60,
세종특별자치시 조치원읍 신안리,244-1,244,1,조형,39.97,201307,16,4400,5,1991,운주산로 60,
세종특별자치시 조치원읍 신안리,244-1,244,1,조형,39.97,201307,16,4400,1,1991,운주산로 60,
세종특별자치시 조치원읍 신안리,244-1,244,1,조형,39.97,201307,25,4950,4,1991,운주산로 60,
세종특별자치시 조치원읍 신안리,244-1,244,1,조형,39.97,201308,11,4500,5,1991,운주산로 60,
세종특별자치시 조치원읍 신안리,244-1,244,1,조형,58.35,201308,12,7800,3,1991,운주산로 60,
세종특별자치시 조치원읍 신안리,244-1,244,1,조형,58.35,201309,6,7850,3,1991,운주산로 60,
세종특별자치시 조치원읍 신안리,244-1,244,1,조형,39.97,201309,10,5300,1,1991,운주산로 60,
세종특별자치시 조치원읍 신안리,244-1,244,1,조형,39.97,201309,17,5200,4,1991,운주산로 60,
세종특별자치시 조치원읍 신안리,244-1,244,1,조형,58.35,201310,2,7750,4,1991,운주산로 60,
세종특별자치시 조치원읍 신안리,244-1,244,1,조형,39.97,201310,9,4500,5,1991,운주산로 60,
세종특별자치시 조치원읍 신안리,244-1,244,1,조형,39.97,201310,12,4600,5,1991,운주산로 60,
세종특별자치시 조치원읍 신안리,244-1,244,1,조형,39.97,201310,18,4600,2,1991,운주산로 60,
세종특별자치시 조치원읍 신안리,244-1,244,1,조형,39.97,201310,24,5500,3,1991,운주산로 60,
세종특별자치시 조치원읍 신안리,244-1,244,1,조형,39.97,201310,25,4500,5,1991,운주산로 60,
세종특별자치시 조치원읍 신안리,244-1,244,1,조형,58.35,201310,25,6900,4,1991,운주산로 60,
세종특별자치시 조치원읍 신안리,244-1,244,1,조형,58.35,201311,11,6900,5,1991,운주산로 60,
세종특별자치시 조치원읍 신안리,244-1,244,1,조형,58.35,201312,5,7800,4,1991,운주산로 60,
세종특별자치시 조치원읍 신안리,244-1,244,1,조형,39.97,201312,18,5250,1,1991,운주산로 60,
세종특별자치시 조치원읍 신흥리,398,398,0,신흥대우푸르지오,104.9044,201301,3,21500,8,2006,도원1로 16,
세종특별자치시 조치원읍 신흥리,398,398,0,신흥대우푸르지오,84.9228,201301,5,19800,5,2006,도원1로 16,
세종특별자치시 조치원읍 신흥리,398,398,0,신흥대우푸르지오,84.9228,201301,6,18500,15,2006,도원1로 16,
세종특별자치시 조치원읍 신흥리,398,398,0,신흥대우푸르지오,104.9044,201301,16,21700,12,2006,도원1로 16,
세종특별자치시 조치원읍 신흥리,398,398,0,신흥대우푸르지오,84.9228,201301,21,20500,13,2006,도원1로 16,
세종특별자치시 조치원읍 신흥리,398,398,0,신흥대우푸르지오,104.9044,201301,23,21500,13,2006,도원1로 16,
세종특별자치시 조치원읍 신흥리,398,398,0,신흥대우푸르지오,144.2557,201301,23,22800,9,2006,도원1로 16,
세종특별자치시 조치원읍 신흥리,398,398,0,신흥대우푸르지오,84.9228,201301,30,20000,9,2006,도원1로 16,
세종특별자치시 조치원읍 신흥리,398,398,0,신흥대우푸르지오,84.9228,201301,30,20800,10,2006,도원1로 16,
세종특별자치시 조치원읍 신흥리,398,398,0,신흥대우푸르지오,84.9228,201302,4,18200,1,2006,도원1로 16,
세종특별자치시 조치원읍 신흥리,398,398,0,신흥대우푸르지오,104.9044,201303,7,21000,10,2006,도원1로 16,
세종특별자치시 조치원읍 신흥리,398,398,0,신흥대우푸르지오,104.9044,201303,9,22000,11,2006,도원1로 16,
세종특별자치시 조치원읍 신흥리,398,398,0,신흥대우푸르지오,84.9228,201303,19,20500,5,2006,도원1로 16,
세종특별자치시 조치원읍 신흥리,398,398,0,신흥대우푸르지오,104.9044,201304,2,21500,5,2006,도원1로 16,
세종특별자치시 조치원읍 신흥리,398,398,0,신흥대우푸르지오,84.9228,201304,7,18400,1,2006,도원1로 16,
세종특별자치시 조치원읍 신흥리,398,398,0,신흥대우푸르지오,126.6976,201304,12,21000,1,2006,도원1로 16,
세종특별자치시 조치원읍 신흥리,398,398,0,신흥대우푸르지오,84.9228,201304,13,18000,14,2006,도원1로 16,
세종특별자치시 조치원읍 신흥리,398,398,0,신흥대우푸르지오,84.9228,201304,16,20300,5,2006,도원1로 16,
세종특별자치시 조치원읍 신흥리,398,398,0,신흥대우푸르지오,126.6976,201304,27,22000,5,2006,도원1로 16,
세종특별자치시 조치원읍 신흥리,398,398,0,신흥대우푸르지오,84.9228,201305,9,20000,5,2006,도원1로 16,
세종특별자치시 조치원읍 신흥리,398,398,0,신흥대우푸르지오,84.9228,201305,16,20600,10,2006,도원1로 16,
세종특별자치시 조치원읍 신흥리,398,398,0,신흥대우푸르지오,144.2557,201305,27,22000,8,2006,도원1로 16,
세종특별자치시 조치원읍 신흥리,398,398,0,신흥대우푸르지오,84.9228,201305,27,20400,11,2006,도원1로 16,
세종특별자치시 조치원읍 신흥리,398,398,0,신흥대우푸르지오,144.2557,201305,28,25000,13,2006,도원1로 16,
세종특별자치시 조치원읍 신흥리,398,398,0,신흥대우푸르지오,104.9044,201306,5,19950,1,2006,도원1로 16,
세종특별자치시 조치원읍 신흥리,398,398,0,신흥대우푸르지오,104.9044,201306,14,20500,3,2006,도원1로 16,
세종특별자치시 조치원읍 신흥리,398,398,0,신흥대우푸르지오,104.9044,201306,21,20500,3,2006,도원1로 16,
세종특별자치시 조치원읍 신흥리,398,398,0,신흥대우푸르지오,126.6976,201306,21,23500,10,2006,도원1로 16,
세종특별자치시 조치원읍 신흥리,398,398,0,신흥대우푸르지오,84.9228,201306,24,18000,12,2006,도원1로 16,
세종특별자치시 조치원읍 신흥리,398,398,0,신흥대우푸르지오,84.9228,201306,25,19400,8,2006,도원1로 16,
세종특별자치시 조치원읍 신흥리,398,398,0,신흥대우푸르지오,84.9228,201307,1,18000,1,2006,도원1로 16,
세종특별자치시 조치원읍 신흥리,398,398,0,신흥대우푸르지오,104.9044,201307,2,23000,14,2006,도원1로 16,
세종특별자치시 조치원읍 신흥리,398,398,0,신흥대우푸르지오,84.9228,201307,8,19000,3,2006,도원1로 16,
세종특별자치시 조치원읍 신흥리,398,398,0,신흥대우푸르지오,84.9228,201307,11,18300,1,2006,도원1로 16,
세종특별자치시 조치원읍 신흥리,398,398,0,신흥대우푸르지오,104.9044,201307,13,20600,3,2006,도원1로 16,
세종특별자치시 조치원읍 신흥리,398,398,0,신흥대우푸르지오,126.6976,201307,14,22500,4,2006,도원1로 16,
세종특별자치시 조치원읍 신흥리,398,398,0,신흥대우푸르지오,84.9228,201307,22,20000,15,2006,도원1로 16,
세종특별자치시 조치원읍 신흥리,398,398,0,신흥대우푸르지오,126.6976,201307,23,23500,10,2006,도원1로 16,
세종특별자치시 조치원읍 신흥리,398,398,0,신흥대우푸르지오,104.9044,201308,10,22600,12,2006,도원1로 16,
세종특별자치시 조치원읍 신흥리,398,398,0,신흥대우푸르지오,126.6976,201308,23,23000,8,2006,도원1로 16,
세종특별자치시 조치원읍 신흥리,398,398,0,신흥대우푸르지오,84.9228,201308,29,20800,10,2006,도원1로 16,
세종특별자치시 조치원읍 신흥리,398,398,0,신흥대우푸르지오,84.9228,201309,3,18700,7,2006,도원1로 16,
세종특별자치시 조치원읍 신흥리,398,398,0,신흥대우푸르지오,104.9044,201309,5,21300,4,2006,도원1로 16,
세종특별자치시 조치원읍 신흥리,398,398,0,신흥대우푸르지오,84.9228,201309,9,19100,11,2006,도원1로 16,
세종특별자치시 조치원읍 신흥리,398,398,0,신흥대우푸르지오,84.9228,201309,11,20300,10,2006,도원1로 16,
세종특별자치시 조치원읍 신흥리,398,398,0,신흥대우푸르지오,84.9228,201309,12,18400,2,2006,도원1로 16,
세종특별자치시 조치원읍 신흥리,398,398,0,신흥대우푸르지오,104.9044,201309,12,22800,6,2006,도원1로 16,
세종특별자치시 조치원읍 신흥리,398,398,0,신흥대우푸르지오,104.9044,201309,26,21800,4,2006,도원1로 16,
세종특별자치시 조치원읍 신흥리,398,398,0,신흥대우푸르지오,84.9228,201309,30,18500,1,2006,도원1로 16,
세종특별자치시 조치원읍 신흥리,398,398,0,신흥대우푸르지오,84.9228,201310,1,19000,2,2006,도원1로 16,
세종특별자치시 조치원읍 신흥리,398,398,0,신흥대우푸르지오,84.9228,201310,3,18650,13,2006,도원1로 16,
세종특별자치시 조치원읍 신흥리,398,398,0,신흥대우푸르지오,84.9228,201310,17,20300,11,2006,도원1로 16,
세종특별자치시 조치원읍 신흥리,398,398,0,신흥대우푸르지오,84.9228,201310,18,20300,15,2006,도원1로 16,
세종특별자치시 조치원읍 신흥리,398,398,0,신흥대우푸르지오,84.9228,201310,21,20800,15,2006,도원1로 16,
세종특별자치시 조치원읍 신흥리,398,398,0,신흥대우푸르지오,126.6976,201311,2,22900,14,2006,도원1로 16,
세종특별자치시 조치원읍 신흥리,398,398,0,신흥대우푸르지오,104.9044,201311,3,20800,1,2006,도원1로 16,
세종특별자치시 조치원읍 신흥리,398,398,0,신흥대우푸르지오,104.9044,201311,8,20700,15,2006,도원1로 16,
세종특별자치시 조치원읍 신흥리,398,398,0,신흥대우푸르지오,84.9228,201311,9,20000,11,2006,도원1로 16,
세종특별자치시 조치원읍 신흥리,398,398,0,신흥대우푸르지오,84.9228,201311,10,20200,8,2006,도원1로 16,
세종특별자치시 조치원읍 신흥리,398,398,0,신흥대우푸르지오,84.9228,201311,15,18500,11,2006,도원1로 16,
세종특별자치시 조치원읍 신흥리,398,398,0,신흥대우푸르지오,84.9228,201311,24,18500,2,2006,도원1로 16,
세종특별자치시 조치원읍 신흥리,398,398,0,신흥대우푸르지오,104.9044,201312,3,22000,5,2006,도원1로 16,
세종특별자치시 조치원읍 신흥리,398,398,0,신흥대우푸르지오,84.9228,201312,4,20800,5,2006,도원1로 16,
세종특별자치시 조치원읍 신흥리,398,398,0,신흥대우푸르지오,126.6976,201312,6,22000,4,2006,도원1로 16,
세종특별자치시 조치원읍 신흥리,398,398,0,신흥대우푸르지오,104.9044,201312,14,22000,7,2006,도원1로 16,
세종특별자치시 조치원읍 신흥리,393,393,0,신흥주공,59.99,201301,11,13500,12,1999,이화로 5,
세종특별자치시 조치원읍 신흥리,393,393,0,신흥주공,84.84,201301,15,16300,16,1999,이화로 5,
세종특별자치시 조치원읍 신흥리,393,393,0,신흥주공,84.84,201301,16,16300,16,1999,이화로 5,
세종특별자치시 조치원읍 신흥리,393,393,0,신흥주공,59.99,201301,20,11900,6,1999,이화로 5,
세종특별자치시 조치원읍 신흥리,393,393,0,신흥주공,84.8,201301,22,14400,19,1999,이화로 5,
세종특별자치시 조치원읍 신흥리,393,393,0,신흥주공,49.29,201301,25,10200,11,1999,이화로 5,
세종특별자치시 조치원읍 신흥리,393,393,0,신흥주공,49.29,201301,28,10000,4,1999,이화로 5,
세종특별자치시 조치원읍 신흥리,393,393,0,신흥주공,59.99,201301,29,13000,19,1999,이화로 5,
세종특별자치시 조치원읍 신흥리,393,393,0,신흥주공,59.99,201302,4,12500,20,1999,이화로 5,
세종특별자치시 조치원읍 신흥리,393,393,0,신흥주공,59.99,201302,6,14300,9,1999,이화로 5,
세종특별자치시 조치원읍 신흥리,393,393,0,신흥주공,84.84,201302,16,15000,2,1999,이화로 5,
세종특별자치시 조치원읍 신흥리,393,393,0,신흥주공,59.99,201302,28,12500,4,1999,이화로 5,
세종특별자치시 조치원읍 신흥리,393,393,0,신흥주공,59.99,201302,28,13200,8,1999,이화로 5,
세종특별자치시 조치원읍 신흥리,393,393,0,신흥주공,59.99,201302,28,13200,18,1999,이화로 5,
세종특별자치시 조치원읍 신흥리,393,393,0,신흥주공,49.29,201303,1,10300,15,1999,이화로 5,
세종특별자치시 조치원읍 신흥리,393,393,0,신흥주공,49.29,201303,7,9950,5,1999,이화로 5,
세종특별자치시 조치원읍 신흥리,393,393,0,신흥주공,59.99,201303,11,13300,6,1999,이화로 5,
세종특별자치시 조치원읍 신흥리,393,393,0,신흥주공,84.84,201303,15,16500,2,1999,이화로 5,
세종특별자치시 조치원읍 신흥리,393,393,0,신흥주공,59.99,201303,22,13000,17,1999,이화로 5,
세종특별자치시 조치원읍 신흥리,393,393,0,신흥주공,49.29,201303,22,11000,14,1999,이화로 5,
세종특별자치시 조치원읍 신흥리,393,393,0,신흥주공,84.84,201303,29,16000,12,1999,이화로 5,
세종특별자치시 조치원읍 신흥리,393,393,0,신흥주공,59.99,201304,2,13000,20,1999,이화로 5,
세종특별자치시 조치원읍 신흥리,393,393,0,신흥주공,59.99,201304,2,13400,17,1999,이화로 5,
세종특별자치시 조치원읍 신흥리,393,393,0,신흥주공,49.29,201304,8,11000,15,1999,이화로 5,
세종특별자치시 조치원읍 신흥리,393,393,0,신흥주공,59.99,201304,13,13000,9,1999,이화로 5,
세종특별자치시 조치원읍 신흥리,393,393,0,신흥주공,84.84,201304,16,15500,2,1999,이화로 5,
세종특별자치시 조치원읍 신흥리,393,393,0,신흥주공,49.29,201304,19,10300,4,1999,이화로 5,
세종특별자치시 조치원읍 신흥리,393,393,0,신흥주공,59.99,201304,22,12800,20,1999,이화로 5,
세종특별자치시 조치원읍 신흥리,393,393,0,신흥주공,59.99,201304,23,13000,10,1999,이화로 5,
세종특별자치시 조치원읍 신흥리,393,393,0,신흥주공,49.29,201304,25,10100,12,1999,이화로 5,
세종특별자치시 조치원읍 신흥리,393,393,0,신흥주공,49.29,201304,25,10000,12,1999,이화로 5,
세종특별자치시 조치원읍 신흥리,393,393,0,신흥주공,49.29,201304,25,10800,4,1999,이화로 5,
세종특별자치시 조치원읍 신흥리,393,393,0,신흥주공,59.99,201304,26,13200,15,1999,이화로 5,
세종특별자치시 조치원읍 신흥리,393,393,0,신흥주공,84.84,201304,26,16900,5,1999,이화로 5,
세종특별자치시 조치원읍 신흥리,393,393,0,신흥주공,59.99,201305,2,12350,8,1999,이화로 5,
세종특별자치시 조치원읍 신흥리,393,393,0,신흥주공,49.29,201305,9,10800,12,1999,이화로 5,
세종특별자치시 조치원읍 신흥리,393,393,0,신흥주공,59.99,201305,10,12800,5,1999,이화로 5,
세종특별자치시 조치원읍 신흥리,393,393,0,신흥주공,49.29,201305,14,11000,19,1999,이화로 5,
세종특별자치시 조치원읍 신흥리,393,393,0,신흥주공,59.99,201305,15,14000,10,1999,이화로 5,
세종특별자치시 조치원읍 신흥리,393,393,0,신흥주공,59.99,201305,16,13500,15,1999,이화로 5,
세종특별자치시 조치원읍 신흥리,393,393,0,신흥주공,59.99,201305,16,13450,4,1999,이화로 5,
세종특별자치시 조치원읍 신흥리,393,393,0,신흥주공,59.99,201305,19,12500,9,1999,이화로 5,
세종특별자치시 조치원읍 신흥리,393,393,0,신흥주공,59.99,201305,20,13000,2,1999,이화로 5,
세종특별자치시 조치원읍 신흥리,393,393,0,신흥주공,49.29,201305,20,11000,14,1999,이화로 5,
세종특별자치시 조치원읍 신흥리,393,393,0,신흥주공,49.29,201305,21,11000,19,1999,이화로 5,
세종특별자치시 조치원읍 신흥리,393,393,0,신흥주공,59.99,201305,24,13700,12,1999,이화로 5,
세종특별자치시 조치원읍 신흥리,393,393,0,신흥주공,59.99,201305,29,13900,18,1999,이화로 5,
세종특별자치시 조치원읍 신흥리,393,393,0,신흥주공,49.29,201305,29,10300,7,1999,이화로 5,
세종특별자치시 조치원읍 신흥리,393,393,0,신흥주공,59.99,201305,30,13200,3,1999,이화로 5,
세종특별자치시 조치원읍 신흥리,393,393,0,신흥주공,49.29,201306,4,10450,16,1999,이화로 5,
세종특별자치시 조치원읍 신흥리,393,393,0,신흥주공,49.29,201306,6,11000,13,1999,이화로 5,
세종특별자치시 조치원읍 신흥리,393,393,0,신흥주공,49.29,201306,22,10300,15,1999,이화로 5,
세종특별자치시 조치원읍 신흥리,393,393,0,신흥주공,59.99,201306,30,13000,5,1999,이화로 5,
세종특별자치시 조치원읍 신흥리,393,393,0,신흥주공,49.29,201307,6,11400,18,1999,이화로 5,
세종특별자치시 조치원읍 신흥리,393,393,0,신흥주공,49.29,201307,10,11000,5,1999,이화로 5,
세종특별자치시 조치원읍 신흥리,393,393,0,신흥주공,84.84,201307,13,15700,20,1999,이화로 5,
세종특별자치시 조치원읍 신흥리,393,393,0,신흥주공,49.29,201307,23,10900,16,1999,이화로 5,
세종특별자치시 조치원읍 신흥리,393,393,0,신흥주공,59.99,201307,30,12400,6,1999,이화로 5,
세종특별자치시 조치원읍 신흥리,393,393,0,신흥주공,49.29,201308,2,10100,2,1999,이화로 5,
세종특별자치시 조치원읍 신흥리,393,393,0,신흥주공,59.99,201308,5,12400,20,1999,이화로 5,
세종특별자치시 조치원읍 신흥리,393,393,0,신흥주공,49.29,201308,22,11000,2,1999,이화로 5,
세종특별자치시 조치원읍 신흥리,393,393,0,신흥주공,84.84,201308,30,10000,1,1999,이화로 5,
세종특별자치시 조치원읍 신흥리,393,393,0,신흥주공,59.99,201309,1,12700,2,1999,이화로 5,
세종특별자치시 조치원읍 신흥리,393,393,0,신흥주공,84.84,201309,2,16700,17,1999,이화로 5,
세종특별자치시 조치원읍 신흥리,393,393,0,신흥주공,59.99,201309,3,12500,2,1999,이화로 5,
세종특별자치시 조치원읍 신흥리,393,393,0,신흥주공,84.84,201309,5,15000,3,1999,이화로 5,
세종특별자치시 조치원읍 신흥리,393,393,0,신흥주공,84.84,201309,7,16000,9,1999,이화로 5,
세종특별자치시 조치원읍 신흥리,393,393,0,신흥주공,59.99,201309,16,13400,14,1999,이화로 5,
세종특별자치시 조치원읍 신흥리,393,393,0,신흥주공,49.29,201309,23,10470,20,1999,이화로 5,
세종특별자치시 조치원읍 신흥리,393,393,0,신흥주공,49.29,201309,26,11000,12,1999,이화로 5,
세종특별자치시 조치원읍 신흥리,393,393,0,신흥주공,59.99,201309,30,13400,10,1999,이화로 5,
세종특별자치시 조치원읍 신흥리,393,393,0,신흥주공,49.29,201310,14,11000,6,1999,이화로 5,
세종특별자치시 조치원읍 신흥리,393,393,0,신흥주공,59.99,201310,17,12500,3,1999,이화로 5,
세종특별자치시 조치원읍 신흥리,393,393,0,신흥주공,49.29,201310,19,9100,1,1999,이화로 5,
세종특별자치시 조치원읍 신흥리,393,393,0,신흥주공,49.29,201310,28,10300,12,1999,이화로 5,
세종특별자치시 조치원읍 신흥리,393,393,0,신흥주공,49.29,201310,28,11500,8,1999,이화로 5,
세종특별자치시 조치원읍 신흥리,393,393,0,신흥주공,84.84,201310,29,15000,20,1999,이화로 5,
세종특별자치시 조치원읍 신흥리,393,393,0,신흥주공,49.29,201311,5,12000,19,1999,이화로 5,
세종특별자치시 조치원읍 신흥리,393,393,0,신흥주공,49.29,201311,7,10900,19,1999,이화로 5,
세종특별자치시 조치원읍 신흥리,393,393,0,신흥주공,59.99,201311,9,10950,6,1999,이화로 5,
세종특별자치시 조치원읍 신흥리,393,393,0,신흥주공,84.84,201311,15,15800,4,1999,이화로 5,
세종특별자치시 조치원읍 신흥리,393,393,0,신흥주공,59.99,201311,16,12800,20,1999,이화로 5,
세종특별자치시 조치원읍 신흥리,393,393,0,신흥주공,59.99,201311,18,13000,8,1999,이화로 5,
세종특별자치시 조치원읍 신흥리,393,393,0,신흥주공,84.84,201311,19,16000,18,1999,이화로 5,
세종특별자치시 조치원읍 신흥리,393,393,0,신흥주공,59.99,201311,26,14200,7,1999,이화로 5,
세종특별자치시 조치원읍 신흥리,393,393,0,신흥주공,59.99,201311,26,14300,17,1999,이화로 5,
세종특별자치시 조치원읍 신흥리,393,393,0,신흥주공,49.29,201312,6,11350,12,1999,이화로 5,
세종특별자치시 조치원읍 신흥리,393,393,0,신흥주공,59.99,201312,8,13500,12,1999,이화로 5,
세종특별자치시 조치원읍 신흥리,393,393,0,신흥주공,59.99,201312,11,13350,3,1999,이화로 5,
세종특별자치시 조치원읍 신흥리,393,393,0,신흥주공,84.84,201312,19,16800,12,1999,이화로 5,
세종특별자치시 조치원읍 신흥리,393,393,0,신흥주공,59.99,201312,23,13500,18,1999,이화로 5,
세종특별자치시 조치원읍 신흥리,393,393,0,신흥주공,49.29,201312,27,11500,18,1999,이화로 5,
세종특별자치시 조치원읍 신흥리,399,399,0,조치원 신흥 e편한세상(아),84.976,201301,14,19400,7,2008,이화1로 15,
세종특별자치시 조치원읍 신흥리,399,399,0,조치원 신흥 e편한세상(아),84.974,201301,21,18800,2,2008,이화1로 15,
세종특별자치시 조치원읍 신흥리,399,399,0,조치원 신흥 e편한세상(아),84.976,201301,21,19500,19,2008,이화1로 15,
세종특별자치시 조치원읍 신흥리,399,399,0,조치원 신흥 e편한세상(아),84.974,201301,24,21000,12,2008,이화1로 15,
세종특별자치시 조치원읍 신흥리,399,399,0,조치원 신흥 e편한세상(아),176.343,201302,15,45320,4,2008,이화1로 15,
세종특별자치시 조치원읍 신흥리,399,399,0,조치원 신흥 e편한세상(아),176.343,201302,15,45320,16,2008,이화1로 15,
세종특별자치시 조치원읍 신흥리,399,399,0,조치원 신흥 e편한세상(아),176.343,201302,15,43054,2,2008,이화1로 15,
세종특별자치시 조치원읍 신흥리,399,399,0,조치원 신흥 e편한세상(아),176.343,201302,15,41694,1,2008,이화1로 15,
세종특별자치시 조치원읍 신흥리,399,399,0,조치원 신흥 e편한세상(아),84.974,201302,27,21500,16,2008,이화1로 15,
세종특별자치시 조치원읍 신흥리,399,399,0,조치원 신흥 e편한세상(아),84.976,201303,4,20000,14,2008,이화1로 15,
세종특별자치시 조치원읍 신흥리,399,399,0,조치원 신흥 e편한세상(아),118.198,201303,20,24500,1,2008,이화1로 15,
세종특별자치시 조치원읍 신흥리,399,399,0,조치원 신흥 e편한세상(아),118.198,201303,22,33000,13,2008,이화1로 15,
세종특별자치시 조치원읍 신흥리,399,399,0,조치원 신흥 e편한세상(아),84.976,201303,24,20800,5,2008,이화1로 15,
세종특별자치시 조치원읍 신흥리,399,399,0,조치원 신흥 e편한세상(아),84.974,201303,28,21000,6,2008,이화1로 15,
세종특별자치시 조치원읍 신흥리,399,399,0,조치원 신흥 e편한세상(아),84.976,201304,9,19000,15,2008,이화1로 15,
세종특별자치시 조치원읍 신흥리,399,399,0,조치원 신흥 e편한세상(아),176.343,201304,18,42000,11,2008,이화1로 15,
세종특별자치시 조치원읍 신흥리,399,399,0,조치원 신흥 e편한세상(아),84.976,201304,18,19800,10,2008,이화1로 15,
세종특별자치시 조치원읍 신흥리,399,399,0,조치원 신흥 e편한세상(아),176.343,201304,23,45320,8,2008,이화1로 15,
세종특별자치시 조치원읍 신흥리,399,399,0,조치원 신흥 e편한세상(아),151.659,201304,23,38730,5,2008,이화1로 15,
세종특별자치시 조치원읍 신흥리,399,399,0,조치원 신흥 e편한세상(아),176.343,201304,23,45320,11,2008,이화1로 15,
세종특별자치시 조치원읍 신흥리,399,399,0,조치원 신흥 e편한세상(아),118.198,201305,2,24600,1,2008,이화1로 15,
세종특별자치시 조치원읍 신흥리,399,399,0,조치원 신흥 e편한세상(아),151.659,201305,3,38730,7,2008,이화1로 15,
세종특별자치시 조치원읍 신흥리,399,399,0,조치원 신흥 e편한세상(아),118.198,201305,3,27300,2,2008,이화1로 15,
세종특별자치시 조치원읍 신흥리,399,399,0,조치원 신흥 e편한세상(아),151.659,201305,3,38730,8,2008,이화1로 15,
세종특별자치시 조치원읍 신흥리,399,399,0,조치원 신흥 e편한세상(아),151.659,201305,7,38730,3,2008,이화1로 15,
세종특별자치시 조치원읍 신흥리,399,399,0,조치원 신흥 e편한세상(아),151.659,201305,7,38730,5,2008,이화1로 15,
세종특별자치시 조치원읍 신흥리,399,399,0,조치원 신흥 e편한세상(아),84.976,201305,15,20000,12,2008,이화1로 15,
세종특별자치시 조치원읍 신흥리,399,399,0,조치원 신흥 e편한세상(아),151.659,201305,30,38730,3,2008,이화1로 15,
세종특별자치시 조치원읍 신흥리,399,399,0,조치원 신흥 e편한세상(아),118.198,201305,30,24900,2,2008,이화1로 15,
세종특별자치시 조치원읍 신흥리,399,399,0,조치원 신흥 e편한세상(아),118.198,201306,3,28000,10,2008,이화1로 15,
세종특별자치시 조치원읍 신흥리,399,399,0,조치원 신흥 e편한세상(아),118.198,201306,19,28500,6,2008,이화1로 15,
세종특별자치시 조치원읍 신흥리,399,399,0,조치원 신흥 e편한세상(아),118.198,201306,27,22500,5,2008,이화1로 15,
세종특별자치시 조치원읍 신흥리,399,399,0,조치원 신흥 e편한세상(아),84.976,201307,20,20500,9,2008,이화1로 15,
세종특별자치시 조치원읍 신흥리,399,399,0,조치원 신흥 e편한세상(아),151.659,201308,8,36794,2,2008,이화1로 15,
세종특별자치시 조치원읍 신흥리,399,399,0,조치원 신흥 e편한세상(아),151.659,201308,8,38730,3,2008,이화1로 15,
세종특별자치시 조치원읍 신흥리,399,399,0,조치원 신흥 e편한세상(아),151.659,201309,2,38730,4,2008,이화1로 15,
세종특별자치시 조치원읍 신흥리,399,399,0,조치원 신흥 e편한세상(아),84.974,201309,8,21000,8,2008,이화1로 15,
세종특별자치시 조치원읍 신흥리,399,399,0,조치원 신흥 e편한세상(아),84.974,201309,9,19800,4,2008,이화1로 15,
세종특별자치시 조치원읍 신흥리,399,399,0,조치원 신흥 e편한세상(아),151.659,201309,13,38730,4,2008,이화1로 15,
세종특별자치시 조치원읍 신흥리,399,399,0,조치원 신흥 e편한세상(아),151.659,201309,13,35632,1,2008,이화1로 15,
세종특별자치시 조치원읍 신흥리,399,399,0,조치원 신흥 e편한세상(아),84.974,201309,15,21400,5,2008,이화1로 15,
세종특별자치시 조치원읍 신흥리,399,399,0,조치원 신흥 e편한세상(아),151.659,201309,15,35000,11,2008,이화1로 15,
세종특별자치시 조치원읍 신흥리,399,399,0,조치원 신흥 e편한세상(아),84.974,201309,26,21000,12,2008,이화1로 15,
세종특별자치시 조치원읍 신흥리,399,399,0,조치원 신흥 e편한세상(아),84.974,201309,27,21500,15,2008,이화1로 15,
세종특별자치시 조치원읍 신흥리,399,399,0,조치원 신흥 e편한세상(아),84.976,201309,29,20200,9,2008,이화1로 15,
세종특별자치시 조치원읍 신흥리,399,399,0,조치원 신흥 e편한세상(아),84.974,201310,5,21000,12,2008,이화1로 15,
세종특별자치시 조치원읍 신흥리,399,399,0,조치원 신흥 e편한세상(아),118.198,201310,8,26500,14,2008,이화1로 15,
세종특별자치시 조치원읍 신흥리,399,399,0,조치원 신흥 e편한세상(아),84.976,201310,9,19500,2,2008,이화1로 15,
세종특별자치시 조치원읍 신흥리,399,399,0,조치원 신흥 e편한세상(아),118.198,201310,11,26000,5,2008,이화1로 15,
세종특별자치시 조치원읍 신흥리,399,399,0,조치원 신흥 e편한세상(아),84.974,201310,15,21000,11,2008,이화1로 15,
세종특별자치시 조치원읍 신흥리,399,399,0,조치원 신흥 e편한세상(아),84.976,201310,20,20200,10,2008,이화1로 15,
세종특별자치시 조치원읍 신흥리,399,399,0,조치원 신흥 e편한세상(아),84.976,201310,20,20500,15,2008,이화1로 15,
세종특별자치시 조치원읍 신흥리,399,399,0,조치원 신흥 e편한세상(아),84.974,201310,29,20000,3,2008,이화1로 15,
세종특별자치시 조치원읍 신흥리,399,399,0,조치원 신흥 e편한세상(아),176.343,201311,10,45320,8,2008,이화1로 15,
세종특별자치시 조치원읍 신흥리,399,399,0,조치원 신흥 e편한세상(아),118.198,201311,20,25000,2,2008,이화1로 15,
세종특별자치시 조치원읍 신흥리,399,399,0,조치원 신흥 e편한세상(아),84.974,201311,23,20420,3,2008,이화1로 15,
세종특별자치시 조치원읍 신흥리,399,399,0,조치원 신흥 e편한세상(아),118.198,201311,28,24500,15,2008,이화1로 15,
세종특별자치시 조치원읍 신흥리,399,399,0,조치원 신흥 e편한세상(아),151.659,201311,28,38730,3,2008,이화1로 15,
세종특별자치시 조치원읍 신흥리,399,399,0,조치원 신흥 e편한세상(아),176.343,201312,2,28200,1,2008,이화1로 15,
세종특별자치시 조치원읍 신흥리,399,399,0,조치원 신흥 e편한세상(아),84.976,201312,11,18800,5,2008,이화1로 15,
세종특별자치시 조치원읍 신흥리,399,399,0,조치원 신흥 e편한세상(아),84.974,201312,14,20800,14,2008,이화1로 15,
세종특별자치시 조치원읍 신흥리,399,399,0,조치원 신흥 e편한세상(아),84.974,201312,23,21500,10,2008,이화1로 15,
세종특별자치시 조치원읍 원리,02월 03일,2,3,대도,66.88,201306,25,2600,5,1980,새내12길 40,
세종특별자치시 조치원읍 정리,Jan-59,59,1,풍산,84.82,201302,4,15000,10,1998,새내8길 22-13,
세종특별자치시 조치원읍 정리,Jan-59,59,1,풍산,84.82,201303,28,9000,14,1998,새내8길 22-13,
세종특별자치시 조치원읍 정리,Jan-59,59,1,풍산,84.82,201306,21,14700,4,1998,새내8길 22-13,
세종특별자치시 조치원읍 죽림리,02월 21일,21,2,삼일,59.76,201301,22,9000,4,1994,충현로 72,
세종특별자치시 조치원읍 죽림리,02월 21일,21,2,삼일,59.76,201302,26,9000,6,1994,충현로 72,
세종특별자치시 조치원읍 죽림리,02월 21일,21,2,삼일,59.76,201302,26,10500,3,1994,충현로 72,
세종특별자치시 조치원읍 죽림리,02월 21일,21,2,삼일,84.96,201304,24,11800,6,1994,충현로 72,
세종특별자치시 조치원읍 죽림리,02월 21일,21,2,삼일,59.76,201306,26,8700,5,1994,충현로 72,
세종특별자치시 조치원읍 죽림리,02월 21일,21,2,삼일,84.96,201307,2,10000,2,1994,충현로 72,
세종특별자치시 조치원읍 죽림리,02월 21일,21,2,삼일,84.96,201307,9,11000,13,1994,충현로 72,
세종특별자치시 조치원읍 죽림리,02월 21일,21,2,삼일,84.96,201311,12,10300,2,1994,충현로 72,
세종특별자치시 조치원읍 죽림리,02월 21일,21,2,삼일,84.96,201312,17,13200,8,1994,충현로 72,
세종특별자치시 조치원읍 죽림리,167,167,0,삼정하이츠,84.93,201302,12,11600,13,1991,도장말길 45,
세종특별자치시 조치원읍 죽림리,167,167,0,삼정하이츠,61.9,201304,17,8500,9,1991,도장말길 45,
세종특별자치시 조치원읍 죽림리,167,167,0,삼정하이츠,84.93,201305,13,13000,4,1991,도장말길 45,
세종특별자치시 조치원읍 죽림리,167,167,0,삼정하이츠,72.81,201305,22,9200,15,1991,도장말길 45,
세종특별자치시 조치원읍 죽림리,167,167,0,삼정하이츠,61.9,201306,15,9500,4,1991,도장말길 45,
세종특별자치시 조치원읍 죽림리,167,167,0,삼정하이츠,61.9,201307,23,8650,15,1991,도장말길 45,
세종특별자치시 조치원읍 죽림리,167,167,0,삼정하이츠,84.93,201308,6,9500,12,1991,도장말길 45,
세종특별자치시 조치원읍 죽림리,167,167,0,삼정하이츠,84.93,201308,9,10500,6,1991,도장말길 45,
세종특별자치시 조치원읍 죽림리,167,167,0,삼정하이츠,84.93,201308,22,10800,3,1991,도장말길 45,
세종특별자치시 조치원읍 죽림리,167,167,0,삼정하이츠,61.9,201309,14,8900,9,1991,도장말길 45,
세종특별자치시 조치원읍 죽림리,167,167,0,삼정하이츠,72.81,201310,1,10000,1,1991,도장말길 45,
세종특별자치시 조치원읍 죽림리,167,167,0,삼정하이츠,72.81,201310,3,9800,8,1991,도장말길 45,
세종특별자치시 조치원읍 죽림리,167,167,0,삼정하이츠,61.9,201310,3,8400,3,1991,도장말길 45,
세종특별자치시 조치원읍 죽림리,167,167,0,삼정하이츠,84.93,201310,7,9500,12,1991,도장말길 45,
세종특별자치시 조치원읍 죽림리,167,167,0,삼정하이츠,61.9,201311,11,9500,13,1991,도장말길 45,
세종특별자치시 조치원읍 죽림리,92,92,0,신동아,114.91,201301,3,15000,8,1996,산막2길 7,
세종특별자치시 조치원읍 죽림리,92,92,0,신동아,59.76,201301,9,10500,6,1996,산막2길 7,
세종특별자치시 조치원읍 죽림리,92,92,0,신동아,84.98,201301,17,12000,18,1996,산막2길 7,
세종특별자치시 조치원읍 죽림리,92,92,0,신동아,59.76,201303,7,11000,5,1996,도장말길 52,
세종특별자치시 조치원읍 죽림리,92,92,0,신동아,59.76,201303,21,10930,11,1996,산막2길 7,
세종특별자치시 조치원읍 죽림리,92,92,0,신동아,59.76,201303,26,9950,5,1996,도장말길 52,
세종특별자치시 조치원읍 죽림리,92,92,0,신동아,84.98,201305,20,13900,3,1996,도장말길 52,
세종특별자치시 조치원읍 죽림리,92,92,0,신동아,84.98,201306,7,10000,3,1996,산막2길 7,
세종특별자치시 조치원읍 죽림리,92,92,0,신동아,59.76,201306,10,10800,2,1996,산막2길 7,
세종특별자치시 조치원읍 죽림리,92,92,0,신동아,84.98,201309,16,13500,8,1996,산막2길 7,
세종특별자치시 조치원읍 죽림리,92,92,0,신동아,84.98,201310,18,11800,1,1996,산막2길 7,
세종특별자치시 조치원읍 죽림리,92,92,0,신동아,59.76,201310,25,11500,9,1996,도장말길 52,
세종특별자치시 조치원읍 죽림리,92,92,0,신동아,84.98,201311,25,13500,17,1996,도장말길 52,
세종특별자치시 조치원읍 죽림리,393,393,0,조치원신동아파밀리에,84.8676,201301,11,18400,8,2008,도장말길 30,
세종특별자치시 조치원읍 죽림리,393,393,0,조치원신동아파밀리에,84.8375,201302,7,20500,8,2008,도장말길 30,
세종특별자치시 조치원읍 죽림리,393,393,0,조치원신동아파밀리에,84.8946,201303,7,17500,5,2008,도장말길 30,
세종특별자치시 조치원읍 죽림리,393,393,0,조치원신동아파밀리에,84.8676,201303,22,18000,4,2008,도장말길 30,
세종특별자치시 조치원읍 죽림리,393,393,0,조치원신동아파밀리에,121.6838,201304,3,25000,3,2008,도장말길 30,
세종특별자치시 조치원읍 죽림리,393,393,0,조치원신동아파밀리에,84.8676,201304,10,18000,6,2008,도장말길 30,
세종특별자치시 조치원읍 죽림리,393,393,0,조치원신동아파밀리에,84.8676,201304,15,18500,3,2008,도장말길 30,
세종특별자치시 조치원읍 죽림리,393,393,0,조치원신동아파밀리에,84.8375,201305,22,19100,10,2008,도장말길 30,
세종특별자치시 조치원읍 죽림리,393,393,0,조치원신동아파밀리에,84.8676,201305,24,17000,3,2008,도장말길 30,
세종특별자치시 조치원읍 죽림리,393,393,0,조치원신동아파밀리에,121.6838,201306,20,21150,2,2008,도장말길 30,
세종특별자치시 조치원읍 죽림리,393,393,0,조치원신동아파밀리에,84.8676,201307,6,17400,2,2008,도장말길 30,
세종특별자치시 조치원읍 죽림리,393,393,0,조치원신동아파밀리에,84.8946,201308,6,17000,7,2008,도장말길 30,
세종특별자치시 조치원읍 죽림리,393,393,0,조치원신동아파밀리에,84.8676,201312,7,17550,6,2008,도장말길 30,
세종특별자치시 조치원읍 죽림리,393,393,0,조치원신동아파밀리에,84.8676,201312,14,17900,7,2008,도장말길 30,
세종특별자치시 조치원읍 죽림리,396,396,0,조치원죽림자이,84.6641,201301,12,20100,4,2008,도원로 16,
세종특별자치시 조치원읍 죽림리,396,396,0,조치원죽림자이,84.6682,201301,13,21900,6,2008,도원로 16,
세종특별자치시 조치원읍 죽림리,396,396,0,조치원죽림자이,84.6641,201301,17,17500,1,2008,도원로 16,
세종특별자치시 조치원읍 죽림리,396,396,0,조치원죽림자이,84.6641,201301,25,21000,7,2008,도원로 16,
세종특별자치시 조치원읍 죽림리,396,396,0,조치원죽림자이,128.9491,201302,12,29000,13,2008,도원로 16,
세종특별자치시 조치원읍 죽림리,396,396,0,조치원죽림자이,128.9491,201302,13,26200,1,2008,도원로 16,
세종특별자치시 조치원읍 죽림리,396,396,0,조치원죽림자이,84.6641,201302,14,21450,8,2008,도원로 16,
세종특별자치시 조치원읍 죽림리,396,396,0,조치원죽림자이,84.6641,201302,15,20800,6,2008,도원로 16,
세종특별자치시 조치원읍 죽림리,396,396,0,조치원죽림자이,84.6641,201302,16,21300,10,2008,도원로 16,
세종특별자치시 조치원읍 죽림리,396,396,0,조치원죽림자이,84.6641,201302,17,20800,8,2008,도원로 16,
세종특별자치시 조치원읍 죽림리,396,396,0,조치원죽림자이,84.6641,201302,20,21300,9,2008,도원로 16,
세종특별자치시 조치원읍 죽림리,396,396,0,조치원죽림자이,84.6641,201302,23,21400,11,2008,도원로 16,
세종특별자치시 조치원읍 죽림리,396,396,0,조치원죽림자이,84.6641,201302,25,17500,1,2008,도원로 16,
세종특별자치시 조치원읍 죽림리,396,396,0,조치원죽림자이,84.6641,201302,26,19900,4,2008,도원로 16,
세종특별자치시 조치원읍 죽림리,396,396,0,조치원죽림자이,84.6641,201302,27,21500,12,2008,도원로 16,
세종특별자치시 조치원읍 죽림리,396,396,0,조치원죽림자이,84.6641,201302,27,21400,9,2008,도원로 16,
세종특별자치시 조치원읍 죽림리,396,396,0,조치원죽림자이,84.6641,201302,28,21300,11,2008,도원로 16,
세종특별자치시 조치원읍 죽림리,396,396,0,조치원죽림자이,84.6641,201303,1,21500,12,2008,도원로 16,
세종특별자치시 조치원읍 죽림리,396,396,0,조치원죽림자이,84.6641,201303,4,18000,1,2008,도원로 16,
세종특별자치시 조치원읍 죽림리,396,396,0,조치원죽림자이,84.6641,201303,10,21400,9,2008,도원로 16,
세종특별자치시 조치원읍 죽림리,396,396,0,조치원죽림자이,84.6641,201303,11,20500,8,2008,도원로 16,
세종특별자치시 조치원읍 죽림리,396,396,0,조치원죽림자이,84.6641,201303,11,20000,5,2008,도원로 16,
세종특별자치시 조치원읍 죽림리,396,396,0,조치원죽림자이,84.6641,201303,16,20300,7,2008,도원로 16,
세종특별자치시 조치원읍 죽림리,396,396,0,조치원죽림자이,84.6641,201303,18,21100,5,2008,도원로 16,
세종특별자치시 조치원읍 죽림리,396,396,0,조치원죽림자이,84.6641,201303,18,17900,1,2008,도원로 16,
세종특별자치시 조치원읍 죽림리,396,396,0,조치원죽림자이,128.9491,201303,23,25700,5,2008,도원로 16,
세종특별자치시 조치원읍 죽림리,396,396,0,조치원죽림자이,128.9491,201303,27,27800,15,2008,도원로 16,
세종특별자치시 조치원읍 죽림리,396,396,0,조치원죽림자이,84.6641,201304,2,16500,1,2008,도원로 16,
세종특별자치시 조치원읍 죽림리,396,396,0,조치원죽림자이,84.6641,201304,5,20900,11,2008,도원로 16,
세종특별자치시 조치원읍 죽림리,396,396,0,조치원죽림자이,84.6641,201304,6,18600,5,2008,도원로 16,
세종특별자치시 조치원읍 죽림리,396,396,0,조치원죽림자이,84.6641,201304,9,21000,12,2008,도원로 16,
세종특별자치시 조치원읍 죽림리,396,396,0,조치원죽림자이,84.6641,201304,9,21300,13,2008,도원로 16,
세종특별자치시 조치원읍 죽림리,396,396,0,조치원죽림자이,84.6641,201304,14,21250,9,2008,도원로 16,
세종특별자치시 조치원읍 죽림리,396,396,0,조치원죽림자이,84.6641,201304,16,21300,13,2008,도원로 16,
세종특별자치시 조치원읍 죽림리,396,396,0,조치원죽림자이,84.6641,201304,23,20500,6,2008,도원로 16,
세종특별자치시 조치원읍 죽림리,396,396,0,조치원죽림자이,84.6641,201304,25,18500,4,2008,도원로 16,
세종특별자치시 조치원읍 죽림리,396,396,0,조치원죽림자이,154.5474,201304,26,30500,3,2008,도원로 16,
세종특별자치시 조치원읍 죽림리,396,396,0,조치원죽림자이,84.6641,201305,5,21100,9,2008,도원로 16,
세종특별자치시 조치원읍 죽림리,396,396,0,조치원죽림자이,84.6641,201305,13,19800,13,2008,도원로 16,
세종특별자치시 조치원읍 죽림리,396,396,0,조치원죽림자이,84.6641,201305,15,20500,11,2008,도원로 16,
세종특별자치시 조치원읍 죽림리,396,396,0,조치원죽림자이,84.6641,201305,29,22000,11,2008,도원로 16,
세종특별자치시 조치원읍 죽림리,396,396,0,조치원죽림자이,84.6641,201305,30,21500,4,2008,도원로 16,
세종특별자치시 조치원읍 죽림리,396,396,0,조치원죽림자이,84.6641,201306,2,20000,3,2008,도원로 16,
세종특별자치시 조치원읍 죽림리,396,396,0,조치원죽림자이,128.9491,201306,5,30000,10,2008,도원로 16,
세종특별자치시 조치원읍 죽림리,396,396,0,조치원죽림자이,84.6641,201306,5,19900,3,2008,도원로 16,
세종특별자치시 조치원읍 죽림리,396,396,0,조치원죽림자이,84.6641,201306,7,19000,5,2008,도원로 16,
세종특별자치시 조치원읍 죽림리,396,396,0,조치원죽림자이,84.6641,201306,10,20200,5,2008,도원로 16,
세종특별자치시 조치원읍 죽림리,396,396,0,조치원죽림자이,84.6641,201306,15,18500,9,2008,도원로 16,
세종특별자치시 조치원읍 죽림리,396,396,0,조치원죽림자이,84.6641,201306,15,21200,10,2008,도원로 16,
세종특별자치시 조치원읍 죽림리,396,396,0,조치원죽림자이,128.9491,201306,16,26000,4,2008,도원로 16,
세종특별자치시 조치원읍 죽림리,396,396,0,조치원죽림자이,84.6641,201306,16,21500,12,2008,도원로 16,
세종특별자치시 조치원읍 죽림리,396,396,0,조치원죽림자이,84.6641,201306,19,20400,6,2008,도원로 16,
세종특별자치시 조치원읍 죽림리,396,396,0,조치원죽림자이,84.6641,201306,22,18700,2,2008,도원로 16,
세종특별자치시 조치원읍 죽림리,396,396,0,조치원죽림자이,84.6641,201306,22,21900,12,2008,도원로 16,
세종특별자치시 조치원읍 죽림리,396,396,0,조치원죽림자이,84.6641,201306,24,21400,9,2008,도원로 16,
세종특별자치시 조치원읍 죽림리,396,396,0,조치원죽림자이,84.6682,201306,26,22000,5,2008,도원로 16,
세종특별자치시 조치원읍 죽림리,396,396,0,조치원죽림자이,84.6641,201307,16,18600,6,2008,도원로 16,
세종특별자치시 조치원읍 죽림리,396,396,0,조치원죽림자이,128.9491,201307,17,26240,10,2008,도원로 16,
세종특별자치시 조치원읍 죽림리,396,396,0,조치원죽림자이,84.6641,201307,30,20000,5,2008,도원로 16,
세종특별자치시 조치원읍 죽림리,396,396,0,조치원죽림자이,128.9491,201307,31,29000,8,2008,도원로 16,
세종특별자치시 조치원읍 죽림리,396,396,0,조치원죽림자이,128.9491,201308,1,28000,15,2008,도원로 16,
세종특별자치시 조치원읍 죽림리,396,396,0,조치원죽림자이,84.6641,201308,4,20900,12,2008,도원로 16,
세종특별자치시 조치원읍 죽림리,396,396,0,조치원죽림자이,84.6682,201308,8,21750,13,2008,도원로 16,
세종특별자치시 조치원읍 죽림리,396,396,0,조치원죽림자이,84.6641,201308,8,20000,4,2008,도원로 16,
세종특별자치시 조치원읍 죽림리,396,396,0,조치원죽림자이,84.6641,201308,13,21800,7,2008,도원로 16,
세종특별자치시 조치원읍 죽림리,396,396,0,조치원죽림자이,84.6641,201308,18,20300,6,2008,도원로 16,
세종특별자치시 조치원읍 죽림리,396,396,0,조치원죽림자이,84.6641,201308,24,18500,5,2008,도원로 16,
세종특별자치시 조치원읍 죽림리,396,396,0,조치원죽림자이,84.6641,201308,24,20500,8,2008,도원로 16,
세종특별자치시 조치원읍 죽림리,396,396,0,조치원죽림자이,128.9491,201308,31,25800,7,2008,도원로 16,
세종특별자치시 조치원읍 죽림리,396,396,0,조치원죽림자이,84.6641,201309,1,20300,5,2008,도원로 16,
세종특별자치시 조치원읍 죽림리,396,396,0,조치원죽림자이,84.6641,201309,4,17400,1,2008,도원로 16,
세종특별자치시 조치원읍 죽림리,396,396,0,조치원죽림자이,84.6641,201309,5,20600,6,2008,도원로 16,
세종특별자치시 조치원읍 죽림리,396,396,0,조치원죽림자이,84.6641,201309,10,21000,9,2008,도원로 16,
세종특별자치시 조치원읍 죽림리,396,396,0,조치원죽림자이,84.6641,201309,12,18000,4,2008,도원로 16,
세종특별자치시 조치원읍 죽림리,396,396,0,조치원죽림자이,84.6641,201309,14,21700,10,2008,도원로 16,
세종특별자치시 조치원읍 죽림리,396,396,0,조치원죽림자이,84.6641,201309,23,19000,2,2008,도원로 16,
세종특별자치시 조치원읍 죽림리,396,396,0,조치원죽림자이,84.6641,201309,24,20500,12,2008,도원로 16,
세종특별자치시 조치원읍 죽림리,396,396,0,조치원죽림자이,84.6682,201309,27,21800,5,2008,도원로 16,
세종특별자치시 조치원읍 죽림리,396,396,0,조치원죽림자이,128.9491,201309,30,24500,4,2008,도원로 16,
세종특별자치시 조치원읍 죽림리,396,396,0,조치원죽림자이,84.6641,201309,30,21200,11,2008,도원로 16,
세종특별자치시 조치원읍 죽림리,396,396,0,조치원죽림자이,84.6641,201310,1,20200,5,2008,도원로 16,
세종특별자치시 조치원읍 죽림리,396,396,0,조치원죽림자이,84.6641,201310,1,20000,5,2008,도원로 16,
세종특별자치시 조치원읍 죽림리,396,396,0,조치원죽림자이,128.9491,201310,1,23200,1,2008,도원로 16,
세종특별자치시 조치원읍 죽림리,396,396,0,조치원죽림자이,128.9491,201310,3,25200,13,2008,도원로 16,
세종특별자치시 조치원읍 죽림리,396,396,0,조치원죽림자이,84.6641,201310,7,20000,4,2008,도원로 16,
세종특별자치시 조치원읍 죽림리,396,396,0,조치원죽림자이,84.6641,201310,11,20000,9,2008,도원로 16,
세종특별자치시 조치원읍 죽림리,396,396,0,조치원죽림자이,128.9491,201310,12,27000,10,2008,도원로 16,
세종특별자치시 조치원읍 죽림리,396,396,0,조치원죽림자이,84.6641,201310,12,21400,12,2008,도원로 16,
세종특별자치시 조치원읍 죽림리,396,396,0,조치원죽림자이,84.6641,201310,22,18000,7,2008,도원로 16,
세종특별자치시 조치원읍 죽림리,396,396,0,조치원죽림자이,84.6641,201310,23,19100,2,2008,도원로 16,
세종특별자치시 조치원읍 죽림리,396,396,0,조치원죽림자이,84.6641,201310,23,21000,8,2008,도원로 16,
세종특별자치시 조치원읍 죽림리,396,396,0,조치원죽림자이,84.6641,201310,28,18950,9,2008,도원로 16,
세종특별자치시 조치원읍 죽림리,396,396,0,조치원죽림자이,84.6641,201310,28,20000,10,2008,도원로 16,
세종특별자치시 조치원읍 죽림리,396,396,0,조치원죽림자이,128.9491,201311,5,30000,13,2008,도원로 16,
세종특별자치시 조치원읍 죽림리,396,396,0,조치원죽림자이,84.6641,201311,6,19000,10,2008,도원로 16,
세종특별자치시 조치원읍 죽림리,396,396,0,조치원죽림자이,84.6641,201311,8,19500,13,2008,도원로 16,
세종특별자치시 조치원읍 죽림리,396,396,0,조치원죽림자이,84.6641,201311,12,19800,10,2008,도원로 16,
세종특별자치시 조치원읍 죽림리,396,396,0,조치원죽림자이,128.9491,201311,14,28000,5,2008,도원로 16,
세종특별자치시 조치원읍 죽림리,396,396,0,조치원죽림자이,84.6641,201311,15,19800,4,2008,도원로 16,
세종특별자치시 조치원읍 죽림리,396,396,0,조치원죽림자이,84.6641,201311,17,19000,4,2008,도원로 16,
세종특별자치시 조치원읍 죽림리,396,396,0,조치원죽림자이,84.6641,201311,19,21700,5,2008,도원로 16,
세종특별자치시 조치원읍 죽림리,396,396,0,조치원죽림자이,128.9491,201311,28,24500,1,2008,도원로 16,
세종특별자치시 조치원읍 죽림리,396,396,0,조치원죽림자이,84.6641,201312,7,22000,11,2008,도원로 16,
세종특별자치시 조치원읍 죽림리,396,396,0,조치원죽림자이,84.6641,201312,12,19800,3,2008,도원로 16,
세종특별자치시 조치원읍 죽림리,396,396,0,조치원죽림자이,84.6641,201312,15,18600,2,2008,도원로 16,
세종특별자치시 조치원읍 죽림리,396,396,0,조치원죽림자이,84.6641,201312,16,19600,4,2008,도원로 16,
세종특별자치시 조치원읍 죽림리,396,396,0,조치원죽림자이,84.6641,201312,27,19500,3,2008,도원로 16,
세종특별자치시 조치원읍 죽림리,389,389,0,죽림대우푸르지오,84.9228,201302,6,16300,1,2007,죽림본로 33-6,
세종특별자치시 조치원읍 죽림리,389,389,0,죽림대우푸르지오,104.9044,201302,6,19500,5,2007,죽림본로 33-6,
세종특별자치시 조치원읍 죽림리,389,389,0,죽림대우푸르지오,104.9044,201302,17,19100,9,2007,죽림본로 33-6,
세종특별자치시 조치원읍 죽림리,389,389,0,죽림대우푸르지오,104.9044,201304,2,21300,9,2007,죽림본로 33-6,
세종특별자치시 조치원읍 죽림리,389,389,0,죽림대우푸르지오,84.9228,201305,6,17000,1,2007,죽림본로 33-6,
세종특별자치시 조치원읍 죽림리,389,389,0,죽림대우푸르지오,84.9228,201305,12,17900,6,2007,죽림본로 33-6,
세종특별자치시 조치원읍 죽림리,389,389,0,죽림대우푸르지오,84.9228,201306,5,18600,9,2007,죽림본로 33-6,
세종특별자치시 조치원읍 죽림리,389,389,0,죽림대우푸르지오,104.9044,201306,18,21800,12,2007,죽림본로 33-6,
세종특별자치시 조치원읍 죽림리,389,389,0,죽림대우푸르지오,84.9228,201306,21,16000,2,2007,죽림본로 33-6,
세종특별자치시 조치원읍 죽림리,389,389,0,죽림대우푸르지오,84.9228,201306,25,18500,15,2007,죽림본로 33-6,
세종특별자치시 조치원읍 죽림리,389,389,0,죽림대우푸르지오,84.9228,201306,29,16000,1,2007,죽림본로 33-6,
세종특별자치시 조치원읍 죽림리,389,389,0,죽림대우푸르지오,84.9228,201307,19,17600,6,2007,죽림본로 33-6,
세종특별자치시 조치원읍 죽림리,389,389,0,죽림대우푸르지오,104.9044,201307,26,19500,3,2007,죽림본로 33-6,
세종특별자치시 조치원읍 죽림리,389,389,0,죽림대우푸르지오,104.9044,201308,26,20900,7,2007,죽림본로 33-6,
세종특별자치시 조치원읍 죽림리,389,389,0,죽림대우푸르지오,84.9228,201309,5,17000,10,2007,죽림본로 33-6,
세종특별자치시 조치원읍 죽림리,389,389,0,죽림대우푸르지오,104.9044,201309,17,18850,4,2007,죽림본로 33-6,
세종특별자치시 조치원읍 죽림리,389,389,0,죽림대우푸르지오,84.9228,201310,8,17600,8,2007,죽림본로 33-6,
세종특별자치시 조치원읍 죽림리,389,389,0,죽림대우푸르지오,104.9044,201310,9,20500,5,2007,죽림본로 33-6,
세종특별자치시 조치원읍 죽림리,389,389,0,죽림대우푸르지오,104.9044,201310,24,20500,7,2007,죽림본로 33-6,
세종특별자치시 조치원읍 죽림리,389,389,0,죽림대우푸르지오,104.9044,201311,10,21500,5,2007,죽림본로 33-6,
세종특별자치시 조치원읍 죽림리,389,389,0,죽림대우푸르지오,84.9228,201311,15,17350,1,2007,죽림본로 33-6,
세종특별자치시 조치원읍 죽림리,389,389,0,죽림대우푸르지오,84.9228,201312,3,17000,2,2007,죽림본로 33-6,
세종특별자치시 조치원읍 죽림리,389,389,0,죽림대우푸르지오,104.9044,201312,21,20000,6,2007,죽림본로 33-6,
세종특별자치시 조치원읍 죽림리,72,72,0,죽림우방유셀,130.7832,201301,8,22500,6,2008,산막길 17,
세종특별자치시 조치원읍 죽림리,72,72,0,죽림우방유셀,130.7832,201301,11,24200,9,2008,산막길 17,
세종특별자치시 조치원읍 죽림리,72,72,0,죽림우방유셀,105.5944,201301,22,21500,5,2008,산막길 17,
세종특별자치시 조치원읍 죽림리,72,72,0,죽림우방유셀,131.5834,201302,4,31082,10,2008,산막길 17,
세종특별자치시 조치원읍 죽림리,72,72,0,죽림우방유셀,84.728,201302,18,19900,11,2008,산막길 17,
세종특별자치시 조치원읍 죽림리,72,72,0,죽림우방유셀,84.728,201303,3,18000,12,2008,산막길 17,
세종특별자치시 조치원읍 죽림리,72,72,0,죽림우방유셀,84.8058,201303,8,17900,6,2008,산막길 17,
세종특별자치시 조치원읍 죽림리,72,72,0,죽림우방유셀,84.8058,201303,26,19550,7,2008,산막길 17,
세종특별자치시 조치원읍 죽림리,72,72,0,죽림우방유셀,130.2173,201303,28,21500,2,2008,산막길 17,
세종특별자치시 조치원읍 죽림리,72,72,0,죽림우방유셀,130.2173,201304,10,25700,12,2008,산막길 17,
세종특별자치시 조치원읍 죽림리,72,72,0,죽림우방유셀,130.2173,201304,18,26000,10,2008,산막길 17,
세종특별자치시 조치원읍 죽림리,72,72,0,죽림우방유셀,105.5594,201304,24,21500,6,2008,산막길 17,
세종특별자치시 조치원읍 죽림리,72,72,0,죽림우방유셀,84.8058,201304,25,17000,5,2008,산막길 17,
세종특별자치시 조치원읍 죽림리,72,72,0,죽림우방유셀,84.8058,201305,4,19950,9,2008,산막길 17,
세종특별자치시 조치원읍 죽림리,72,72,0,죽림우방유셀,130.7832,201305,20,21300,7,2008,산막길 17,
세종특별자치시 조치원읍 죽림리,72,72,0,죽림우방유셀,84.728,201305,28,18000,3,2008,산막길 17,
세종특별자치시 조치원읍 죽림리,72,72,0,죽림우방유셀,84.8058,201306,1,18900,4,2008,산막길 17,
세종특별자치시 조치원읍 죽림리,72,72,0,죽림우방유셀,84.728,201306,13,18500,9,2008,산막길 17,
세종특별자치시 조치원읍 죽림리,72,72,0,죽림우방유셀,130.7832,201306,19,25500,6,2008,산막길 17,
세종특별자치시 조치원읍 죽림리,72,72,0,죽림우방유셀,130.2173,201306,20,22000,7,2008,산막길 17,
세종특별자치시 조치원읍 죽림리,72,72,0,죽림우방유셀,84.8058,201307,3,16900,1,2008,산막길 17,
세종특별자치시 조치원읍 죽림리,72,72,0,죽림우방유셀,131.5834,201307,13,22000,10,2008,산막길 17,
세종특별자치시 조치원읍 죽림리,72,72,0,죽림우방유셀,130.7832,201307,21,31400,5,2008,산막길 17,
세종특별자치시 조치원읍 죽림리,72,72,0,죽림우방유셀,130.7832,201308,2,21000,12,2008,산막길 17,
세종특별자치시 조치원읍 죽림리,72,72,0,죽림우방유셀,130.7832,201309,13,21700,14,2008,산막길 17,
세종특별자치시 조치원읍 죽림리,72,72,0,죽림우방유셀,130.7832,201309,16,21900,11,2008,산막길 17,
세종특별자치시 조치원읍 죽림리,72,72,0,죽림우방유셀,131.5834,201309,18,21500,12,2008,산막길 17,
세종특별자치시 조치원읍 죽림리,72,72,0,죽림우방유셀,131.5834,201309,18,21500,13,2008,산막길 17,
세종특별자치시 조치원읍 죽림리,72,72,0,죽림우방유셀,131.5834,201309,18,21500,11,2008,산막길 17,
세종특별자치시 조치원읍 죽림리,72,72,0,죽림우방유셀,131.5834,201309,18,21500,15,2008,산막길 17,
세종특별자치시 조치원읍 죽림리,72,72,0,죽림우방유셀,84.8058,201309,29,18800,5,2008,산막길 17,
세종특별자치시 조치원읍 죽림리,72,72,0,죽림우방유셀,104.6021,201309,30,19300,9,2008,산막길 17,
세종특별자치시 조치원읍 죽림리,72,72,0,죽림우방유셀,84.728,201310,4,18500,5,2008,산막길 17,
세종특별자치시 조치원읍 죽림리,72,72,0,죽림우방유셀,131.5834,201310,14,24200,10,2008,산막길 17,
세종특별자치시 조치원읍 죽림리,72,72,0,죽림우방유셀,84.728,201310,21,19600,10,2008,산막길 17,
세종특별자치시 조치원읍 죽림리,72,72,0,죽림우방유셀,130.7832,201310,23,21500,10,2008,산막길 17,
세종특별자치시 조치원읍 죽림리,72,72,0,죽림우방유셀,104.6021,201310,28,20500,5,2008,산막길 17,
세종특별자치시 조치원읍 죽림리,72,72,0,죽림우방유셀,131.5834,201311,13,22200,12,2008,산막길 17,
세종특별자치시 조치원읍 죽림리,72,72,0,죽림우방유셀,84.8058,201311,18,20500,11,2008,산막길 17,
세종특별자치시 조치원읍 죽림리,72,72,0,죽림우방유셀,84.8058,201311,26,19300,6,2008,산막길 17,
세종특별자치시 조치원읍 죽림리,72,72,0,죽림우방유셀,131.5834,201311,26,20000,1,2008,산막길 17,
세종특별자치시 조치원읍 죽림리,72,72,0,죽림우방유셀,105.5944,201311,26,21000,8,2008,산막길 17,
세종특별자치시 조치원읍 죽림리,72,72,0,죽림우방유셀,130.2173,201312,16,20850,1,2008,산막길 17,
세종특별자치시 조치원읍 침산리,89,89,0,욱일아파트,84.99,201301,10,14500,19,1996,충현로 159,
세종특별자치시 조치원읍 침산리,89,89,0,욱일아파트,59.999,201301,11,11900,3,1996,충현로 159,
세종특별자치시 조치원읍 침산리,89,89,0,욱일아파트,59.999,201301,12,10950,20,1996,충현로 159,
세종특별자치시 조치원읍 침산리,89,89,0,욱일아파트,59.999,201301,21,11750,11,1996,충현로 159,
세종특별자치시 조치원읍 침산리,89,89,0,욱일아파트,84.99,201301,25,15500,9,1996,충현로 159,
세종특별자치시 조치원읍 침산리,89,89,0,욱일아파트,59.999,201301,28,13000,10,1996,충현로 159,
세종특별자치시 조치원읍 침산리,89,89,0,욱일아파트,59.999,201301,30,11800,8,1996,충현로 159,
세종특별자치시 조치원읍 침산리,89,89,0,욱일아파트,59.999,201302,17,11000,10,1996,충현로 159,
세종특별자치시 조치원읍 침산리,89,89,0,욱일아파트,59.999,201302,18,11950,20,1996,충현로 159,
세종특별자치시 조치원읍 침산리,89,89,0,욱일아파트,59.999,201302,19,11000,8,1996,충현로 159,
세종특별자치시 조치원읍 침산리,89,89,0,욱일아파트,59.999,201302,19,12200,15,1996,충현로 159,
세종특별자치시 조치원읍 침산리,89,89,0,욱일아파트,84.99,201302,21,14700,4,1996,충현로 159,
세종특별자치시 조치원읍 침산리,89,89,0,욱일아파트,59.999,201302,23,11500,9,1996,충현로 159,
세종특별자치시 조치원읍 침산리,89,89,0,욱일아파트,59.999,201302,28,11400,8,1996,충현로 159,
세종특별자치시 조치원읍 침산리,89,89,0,욱일아파트,59.999,201303,7,12000,1,1996,충현로 159,
세종특별자치시 조치원읍 침산리,89,89,0,욱일아파트,59.999,201303,9,12500,6,1996,충현로 159,
세종특별자치시 조치원읍 침산리,89,89,0,욱일아파트,84.99,201303,12,14500,12,1996,충현로 159,
세종특별자치시 조치원읍 침산리,89,89,0,욱일아파트,84.99,201303,16,14500,9,1996,충현로 159,
세종특별자치시 조치원읍 침산리,89,89,0,욱일아파트,59.999,201303,18,11900,8,1996,충현로 159,
세종특별자치시 조치원읍 침산리,89,89,0,욱일아파트,84.99,201303,27,15200,13,1996,충현로 159,
세종특별자치시 조치원읍 침산리,89,89,0,욱일아파트,134.45,201304,1,16900,15,1996,충현로 159,
세종특별자치시 조치원읍 침산리,89,89,0,욱일아파트,101.31,201304,2,16000,7,1996,충현로 159,
세종특별자치시 조치원읍 침산리,89,89,0,욱일아파트,59.999,201304,16,10500,4,1996,충현로 159,
세종특별자치시 조치원읍 침산리,89,89,0,욱일아파트,59.999,201304,30,13800,12,1996,충현로 159,
세종특별자치시 조치원읍 침산리,89,89,0,욱일아파트,84.99,201305,3,14400,17,1996,충현로 159,
세종특별자치시 조치원읍 침산리,89,89,0,욱일아파트,59.999,201305,3,9700,4,1996,충현로 159,
세종특별자치시 조치원읍 침산리,89,89,0,욱일아파트,59.999,201305,4,12850,16,1996,충현로 159,
세종특별자치시 조치원읍 침산리,89,89,0,욱일아파트,59.999,201305,5,12500,12,1996,충현로 159,
세종특별자치시 조치원읍 침산리,89,89,0,욱일아파트,84.99,201305,8,13100,2,1996,충현로 159,
세종특별자치시 조치원읍 침산리,89,89,0,욱일아파트,59.999,201305,13,11900,6,1996,충현로 159,
세종특별자치시 조치원읍 침산리,89,89,0,욱일아파트,59.999,201305,15,12500,8,1996,충현로 159,
세종특별자치시 조치원읍 침산리,89,89,0,욱일아파트,59.999,201305,18,11800,15,1996,충현로 159,
세종특별자치시 조치원읍 침산리,89,89,0,욱일아파트,101.31,201305,22,14500,12,1996,충현로 159,
세종특별자치시 조치원읍 침산리,89,89,0,욱일아파트,59.999,201305,31,12000,15,1996,충현로 159,
세종특별자치시 조치원읍 침산리,89,89,0,욱일아파트,59.999,201306,1,12900,18,1996,충현로 159,
세종특별자치시 조치원읍 침산리,89,89,0,욱일아파트,59.999,201306,2,13000,18,1996,충현로 159,
세종특별자치시 조치원읍 침산리,89,89,0,욱일아파트,59.999,201306,14,11250,17,1996,충현로 159,
세종특별자치시 조치원읍 침산리,89,89,0,욱일아파트,59.999,201306,24,13200,12,1996,충현로 159,
세종특별자치시 조치원읍 침산리,89,89,0,욱일아파트,59.999,201307,15,11200,6,1996,충현로 159,
세종특별자치시 조치원읍 침산리,89,89,0,욱일아파트,59.999,201307,17,12000,2,1996,충현로 159,
세종특별자치시 조치원읍 침산리,89,89,0,욱일아파트,134.45,201307,24,17700,17,1996,충현로 159,
세종특별자치시 조치원읍 침산리,89,89,0,욱일아파트,101.31,201308,7,16500,7,1996,충현로 159,
세종특별자치시 조치원읍 침산리,89,89,0,욱일아파트,59.999,201308,10,11900,10,1996,충현로 159,
세종특별자치시 조치원읍 침산리,89,89,0,욱일아파트,59.999,201308,23,12400,12,1996,충현로 159,
세종특별자치시 조치원읍 침산리,89,89,0,욱일아파트,84.99,201308,24,14400,15,1996,충현로 159,
세종특별자치시 조치원읍 침산리,89,89,0,욱일아파트,59.999,201308,28,13000,9,1996,충현로 159,
세종특별자치시 조치원읍 침산리,89,89,0,욱일아파트,59.999,201308,30,10500,14,1996,충현로 159,
세종특별자치시 조치원읍 침산리,89,89,0,욱일아파트,84.99,201309,3,14300,18,1996,충현로 159,
세종특별자치시 조치원읍 침산리,89,89,0,욱일아파트,84.99,201309,3,14400,7,1996,충현로 159,
세종특별자치시 조치원읍 침산리,89,89,0,욱일아파트,84.99,201309,4,14500,23,1996,충현로 159,
세종특별자치시 조치원읍 침산리,89,89,0,욱일아파트,59.999,201309,10,12000,2,1996,충현로 159,
세종특별자치시 조치원읍 침산리,89,89,0,욱일아파트,59.999,201309,10,12500,11,1996,충현로 159,
세종특별자치시 조치원읍 침산리,89,89,0,욱일아파트,59.999,201309,12,13580,6,1996,충현로 159,
세종특별자치시 조치원읍 침산리,89,89,0,욱일아파트,59.999,201309,26,13000,11,1996,충현로 159,
세종특별자치시 조치원읍 침산리,89,89,0,욱일아파트,84.99,201309,30,15000,18,1996,충현로 159,
세종특별자치시 조치원읍 침산리,89,89,0,욱일아파트,59.999,201310,22,12000,11,1996,충현로 159,
세종특별자치시 조치원읍 침산리,89,89,0,욱일아파트,84.99,201310,24,14500,5,1996,충현로 159,
세종특별자치시 조치원읍 침산리,89,89,0,욱일아파트,59.999,201310,28,13100,10,1996,충현로 159,
세종특별자치시 조치원읍 침산리,89,89,0,욱일아파트,84.99,201310,30,15500,14,1996,충현로 159,
세종특별자치시 조치원읍 침산리,89,89,0,욱일아파트,101.31,201310,30,15000,17,1996,충현로 159,
세종특별자치시 조치원읍 침산리,89,89,0,욱일아파트,84.99,201311,1,14500,22,1996,충현로 159,
세종특별자치시 조치원읍 침산리,89,89,0,욱일아파트,59.999,201311,3,11200,17,1996,충현로 159,
세종특별자치시 조치원읍 침산리,89,89,0,욱일아파트,59.999,201311,4,12500,3,1996,충현로 159,
세종특별자치시 조치원읍 침산리,89,89,0,욱일아파트,59.999,201311,7,13500,12,1996,충현로 159,
세종특별자치시 조치원읍 침산리,89,89,0,욱일아파트,59.999,201311,21,12500,9,1996,충현로 159,
세종특별자치시 조치원읍 침산리,89,89,0,욱일아파트,59.999,201311,26,12000,9,1996,충현로 159,
세종특별자치시 조치원읍 침산리,89,89,0,욱일아파트,84.99,201312,1,15000,20,1996,충현로 159,
세종특별자치시 조치원읍 침산리,89,89,0,욱일아파트,59.999,201312,16,12700,5,1996,충현로 159,
세종특별자치시 조치원읍 침산리,89,89,0,욱일아파트,59.999,201312,23,13200,15,1996,충현로 159,
세종특별자치시 조치원읍 침산리,89,89,0,욱일아파트,59.999,201312,31,12700,18,1996,충현로 159,
세종특별자치시 한솔동,939,939,0,첫마을1단지(퍼스트프라임),59.83,201306,1,22600,4,2011,노을3로 14,
세종특별자치시 한솔동,939,939,0,첫마을1단지(퍼스트프라임),84.96,201308,20,24500,1,2011,노을3로 14,
세종특별자치시 한솔동,939,939,0,첫마을1단지(퍼스트프라임),84.96,201309,7,26000,3,2011,노을3로 14,
세종특별자치시 한솔동,939,939,0,첫마을1단지(퍼스트프라임),59.83,201310,24,22100,9,2011,노을3로 14,
세종특별자치시 한솔동,939,939,0,첫마을1단지(퍼스트프라임),84.96,201311,23,31600,6,2011,노을3로 14,
세종특별자치시 한솔동,939,939,0,첫마을1단지(퍼스트프라임),119.86,201312,2,40500,10,2011,노을3로 14,
세종특별자치시 한솔동,939,939,0,첫마을1단지(퍼스트프라임),84.91,201312,5,29200,10,2011,노을3로 14,
세종특별자치시 한솔동,939,939,0,첫마을1단지(퍼스트프라임),84.91,201312,17,31000,16,2011,노을3로 14,
세종특별자치시 한솔동,939,939,0,첫마을1단지(퍼스트프라임),59.83,201312,21,24500,8,2011,노을3로 14,
세종특별자치시 한솔동,939,939,0,첫마을1단지(퍼스트프라임),84.96,201312,27,28200,7,2011,노을3로 14,
세종특별자치시 한솔동,939,939,0,첫마을1단지(퍼스트프라임),119.86,201312,30,40000,18,2011,노을3로 14,
세종특별자치시 한솔동,947,947,0,첫마을3단지(퍼스트프라임),84.87,201303,22,26000,6,2011,나리1로 15,
세종특별자치시 한솔동,947,947,0,첫마을3단지(퍼스트프라임),59.61,201306,4,21300,3,2011,나리1로 15,
세종특별자치시 한솔동,947,947,0,첫마을3단지(퍼스트프라임),59.61,201308,10,21800,3,2011,나리1로 15,
세종특별자치시 한솔동,947,947,0,첫마을3단지(퍼스트프라임),119.59,201310,24,55300,20,2011,나리1로 15,
세종특별자치시 한솔동,947,947,0,첫마을3단지(퍼스트프라임),59.83,201311,9,19000,1,2011,나리1로 15,
세종특별자치시 한솔동,947,947,0,첫마을3단지(퍼스트프라임),59.89,201311,11,23300,1,2011,나리1로 15,
세종특별자치시 한솔동,947,947,0,첫마을3단지(퍼스트프라임),59.61,201312,13,23500,3,2011,나리1로 16,
세종특별자치시 한솔동,947,947,0,첫마을3단지(퍼스트프라임),119.59,201312,21,49800,12,2011,나리1로 15,
세종특별자치시 한솔동,947,947,0,첫마을3단지(퍼스트프라임),84.87,201312,30,32300,8,2011,나리1로 16,
세종특별자치시 한솔동,971,971,0,첫마을5단지(푸르지오),114.16,201306,19,34800,8,2012,누리로 54,
세종특별자치시 한솔동,971,971,0,첫마을5단지(푸르지오),114.16,201307,22,31700,2,2012,누리로 59,
세종특별자치시 한솔동,971,971,0,첫마을5단지(푸르지오),84.7,201309,12,25100,26,2012,누리로 59,
세종특별자치시 한솔동,971,971,0,첫마을5단지(푸르지오),114.16,201309,14,35400,14,2012,누리로 54,
세종특별자치시 한솔동,971,971,0,첫마을5단지(푸르지오),114.16,201309,24,35500,6,2012,누리로 59,
세종특별자치시 한솔동,971,971,0,첫마을5단지(푸르지오),114.16,201310,13,35000,9,2012,누리로 54,
세종특별자치시 한솔동,971,971,0,첫마을5단지(푸르지오),114.16,201312,13,34900,6,2012,누리로 59,
세종특별자치시 한솔동,971,971,0,첫마을5단지(푸르지오),84.62,201312,20,29800,10,2012,누리로 59,
세종특별자치시 한솔동,974,974,0,첫마을6단지(힐스테이트),114.19,201302,16,35539,15,2012,누리로 27,
세종특별자치시 한솔동,974,974,0,첫마을6단지(힐스테이트),114.14,201302,26,38000,19,2012,누리로 27,
세종특별자치시 한솔동,974,974,0,첫마을6단지(힐스테이트),84.18,201303,16,23570,6,2012,누리로 27,
세종특별자치시 한솔동,974,974,0,첫마을6단지(힐스테이트),84.18,201307,30,26500,13,2012,누리로 27,
세종특별자치시 한솔동,974,974,0,첫마을6단지(힐스테이트),84.08,201308,28,24000,8,2012,누리로 27,
세종특별자치시 한솔동,974,974,0,첫마을6단지(힐스테이트),84.08,201310,2,25500,1,2012,누리로 27,
세종특별자치시 한솔동,974,974,0,첫마을6단지(힐스테이트),114.03,201310,5,37200,13,2012,누리로 27,
세종특별자치시 한솔동,976,976,0,첫마을7단지(래미안),59.1,201301,26,17500,3,2012,나리로 38,
세종특별자치시 한솔동,976,976,0,첫마을7단지(래미안),114.84,201307,3,31440,1,2012,나리로 38,
세종특별자치시 한솔동,976,976,0,첫마을7단지(래미안),84.81,201307,20,26800,27,2012,나리로 38,
세종특별자치시 한솔동,976,976,0,첫마을7단지(래미안),84.39,201308,12,26000,10,2012,나리로 38,
세종특별자치시 한솔동,976,976,0,첫마을7단지(래미안),114.84,201311,7,35600,3,2012,나리로 38,
세종특별자치시 한솔동,976,976,0,첫마을7단지(래미안),84.39,201311,12,27000,7,2012,나리로 38,
세종특별자치시 한솔동,976,976,0,첫마을7단지(래미안),114.61,201311,20,39000,10,2012,나리로 38,
세종특별자치시 한솔동,976,976,0,첫마을7단지(래미안),114.84,201312,3,43000,15,2012,나리로 38,
세종특별자치시 한솔동,976,976,0,첫마을7단지(래미안),114.61,201312,9,42000,19,2012,나리로 38,
세종특별자치시 한솔동,976,976,0,첫마을7단지(래미안),114.61,201312,29,42800,13,2012,나리로 38,
